run_accession,biosample_accession,bioproject_accession,country,macro_region,city_region,latitude,longitude,collection_date,collection_year,isolation_source,source_category,host,host_disease,study_title,center_name,species_name,mash_reference_id,matching_hashes,mash_distance,st_original,assembly_length,contigs,n50,gc_percent,st_oxford,aac(3)-IId,aac(3)-IIe,aac(3)-Ia,aac(6')-Ian,aac(6')-Ib',aac(6')-Ib3,aac(6')-Ib4,aacA16,aadA1,aadA2,ant(2'')-Ia,ant(3'')-IIa,aph(3'')-Ib,aph(3')-Ia,aph(3')-Ib,aph(3')-VI,aph(3')-VIa,aph(3')-VIb,aph(6)-Id,armA,arr-2,arr-3,blaADC,blaADC-105,blaADC-11,blaADC-117,blaADC-150,blaADC-154,blaADC-156,blaADC-158,blaADC-163,blaADC-165,blaADC-169,blaADC-176,blaADC-184,blaADC-191,blaADC-199,blaADC-203,blaADC-238,blaADC-248,blaADC-25,blaADC-26,blaADC-269,blaADC-277,blaADC-279,blaADC-291,blaADC-30,blaADC-308,blaADC-32,blaADC-339,blaADC-50,blaADC-52,blaADC-57,blaADC-6,blaADC-73,blaADC-76,blaADC-78,blaADC-79,blaADC-80,blaADC-82,blaADC-87,blaADC-88,blaADC-99,blaCARB-16,blaCARB-2,blaCARB-50,blaGES-11,blaGES-35,blaI,blaMCA,blaNDM-1,blaOXA,blaOXA-100,blaOXA-104,blaOXA-1076,blaOXA-120,blaOXA-121,blaOXA-144,blaOXA-180,blaOXA-208,blaOXA-217,blaOXA-23,blaOXA-314,blaOXA-337,blaOXA-378,blaOXA-402,blaOXA-411,blaOXA-420,blaOXA-441,blaOXA-51,blaOXA-58,blaOXA-64,blaOXA-65,blaOXA-66,blaOXA-67,blaOXA-68,blaOXA-69,blaOXA-70,blaOXA-71,blaOXA-735,blaOXA-78,blaOXA-856,blaOXA-90,blaOXA-91,blaOXA-94,blaOXA-98,blaPER-1,blaPER-7,blaR1,blaRTG,blaTEM-1,blaZ,ble,catA1,catB8,cmlA1,cmlA5,dfrA1,dfrA20,dfrA40,dfrA44,dfrA45,dfrA7,dfrS1,floR,fos,fosB,lnu(A),mph(E),msr(E),qacE,qacEdelta1,sat2,sul1,sul2,tet(39),tet(A),tet(B),tet(G),tet(X3)
ERR10710700,SAMEA112258678,PRJEB58617,Djibouti,East Africa,Djibouti,11.8145966,42.8453061,2021,2021,Pus - Nosocomial human infection - ICU,Human clinical,Human,infection,"Carbapenemase-Producing gram-negative bacteria in Djibouti city, Djibouti",Universite de Limoges,Acinetobacter baumannii,NZ_JAAEFQ010000001.1,963/1000,0.000906124,2,3931794,66,185024,39.0,1697,0,0,0,0,1,0,0,0,1,0,0,1,1,1,0,0,0,0,1,1,0,0,0,0,0,0,0,0,0,0,0,0,0,0,0,0,0,0,0,0,0,0,0,0,0,0,1,0,0,0,0,0,0,0,0,0,0,0,0,0,0,0,0,0,0,0,0,0,0,0,1,0,0,0,0,0,0,0,0,0,0,1,0,0,0,0,0,0,0,0,0,0,0,1,0,0,0,0,0,0,0,0,0,0,0,0,0,0,0,0,0,0,1,0,1,0,0,0,0,0,0,0,0,0,0,0,0,0,1,1,0,1,0,1,1,0,0,0,0,0
ERR10710702,SAMEA112258680,PRJEB58617,Djibouti,East Africa,Djibouti,11.8145966,42.8453061,2021,2021,Pus - Nosocomial human infection - ICU,Human clinical,Human,infection,"Carbapenemase-Producing gram-negative bacteria in Djibouti city, Djibouti",Universite de Limoges,Acinetobacter baumannii,NZ_JAAEFQ010000001.1,956/1000,0.00108342,2,3901585,62,154389,39.0,1697,0,0,0,0,1,0,0,0,1,0,0,1,1,1,0,0,0,0,1,1,0,0,0,0,0,0,0,0,0,0,0,0,0,0,0,0,0,0,0,0,0,0,0,0,0,0,1,0,0,0,0,0,0,0,0,0,0,0,0,0,0,0,0,0,0,0,0,0,0,0,1,0,0,0,0,0,0,0,0,0,0,1,0,0,0,0,0,0,0,0,0,0,0,1,0,0,0,0,0,0,0,0,0,0,0,0,0,0,0,0,0,0,1,0,1,0,0,0,0,0,0,0,0,0,0,0,0,0,1,1,0,1,0,1,1,0,0,0,0,0
ERR10710703,SAMEA112258681,PRJEB58617,Djibouti,East Africa,Djibouti,11.8145966,42.8453061,2021,2021,Blood - Nosocomial human infection - ICU,Human clinical,Human,infection,"Carbapenemase-Producing gram-negative bacteria in Djibouti city, Djibouti",Universite de Limoges,Acinetobacter baumannii,NZ_JAAEFQ010000001.1,971/1000,0.000705841,2,3951263,68,165695,39.0,1697,0,0,0,0,1,0,0,0,1,0,0,1,1,1,0,0,0,0,1,1,0,0,0,0,0,0,0,0,0,0,0,0,0,0,0,0,0,0,0,0,0,0,0,0,0,0,1,0,0,0,0,0,0,0,0,0,0,0,0,0,0,0,0,0,0,0,0,0,0,0,1,0,0,0,0,0,0,0,0,0,0,1,0,0,0,0,0,0,0,0,0,0,0,1,0,0,0,0,0,0,0,0,0,0,0,0,0,0,0,0,0,0,1,0,1,0,0,0,0,0,0,0,0,0,0,0,0,0,1,1,0,1,0,1,1,0,0,0,0,0
ERR10710705,SAMEA112258683,PRJEB58617,Djibouti,East Africa,Djibouti,11.8145966,42.8453061,2021,2021,Protected specimen brushing (PSB) - Nosocomial human infection - Intensive care unit,Human clinical,Human,infection,"Carbapenemase-Producing gram-negative bacteria in Djibouti city, Djibouti",Universite de Limoges,Acinetobacter baumannii,NZ_JAAEFQ010000001.1,971/1000,0.000705841,2,3950770,53,165695,39.0,1697,0,0,0,0,1,0,0,0,1,0,0,1,1,1,0,0,0,0,1,1,0,0,0,0,0,0,0,0,0,0,0,0,0,0,0,0,0,0,0,0,0,0,0,0,0,0,1,0,0,0,0,0,0,0,0,0,0,0,0,0,0,0,0,0,0,0,0,0,0,0,1,0,0,0,0,0,0,0,0,0,0,1,0,0,0,0,0,0,0,0,0,0,0,1,0,0,0,0,0,0,0,0,0,0,0,0,0,0,0,0,0,0,1,0,1,0,0,0,0,0,0,0,0,0,0,0,0,0,1,1,0,1,0,1,1,0,0,0,0,0
ERR10710706,SAMEA112258684,PRJEB58617,Djibouti,East Africa,Djibouti,11.8145966,42.8453061,2021,2021,Cerebrospinal fluid (CSF) - Nosocomial human infection - Intensive care unit,Human clinical,Human,infection,"Carbapenemase-Producing gram-negative bacteria in Djibouti city, Djibouti",Universite de Limoges,Acinetobacter baumannii,NZ_JAAOSU010000001.1,966/1000,0.000830728,1,4008989,66,148258,39.1,231,0,0,1,0,0,0,0,0,1,0,0,1,1,1,0,0,0,0,1,0,0,0,0,0,0,0,0,0,0,0,0,0,0,0,0,1,0,0,0,0,0,0,0,0,0,0,0,0,0,0,0,0,0,0,0,0,0,0,0,0,0,0,0,0,0,0,0,0,0,0,1,0,0,0,0,0,0,0,0,0,0,1,0,0,0,0,0,0,0,0,0,0,0,0,0,0,1,0,0,0,0,0,0,0,0,0,0,0,0,0,0,0,1,0,0,0,0,1,0,0,0,0,0,0,0,0,0,0,0,0,0,1,1,1,1,0,0,1,0,0
ERR10710707,SAMEA112258685,PRJEB58617,Djibouti,East Africa,Djibouti,11.8145966,42.8453061,2021,2021,Pus - Nosocomial human infection - Otorhinolaryngology unit,Human clinical,Human,infection,"Carbapenemase-Producing gram-negative bacteria in Djibouti city, Djibouti",Universite de Limoges,Acinetobacter baumannii,NZ_JAAEFQ010000001.1,971/1000,0.000705841,2,3950634,68,140190,39.0,1697,0,0,0,0,1,0,0,0,1,0,0,1,1,1,0,0,0,0,1,1,0,0,0,0,0,0,0,0,0,0,0,0,0,0,0,0,0,0,0,0,0,0,0,0,0,0,1,0,0,0,0,0,0,0,0,0,0,0,0,0,0,0,0,0,0,0,0,0,0,0,1,0,0,0,0,0,0,0,0,0,0,1,0,0,0,0,0,0,0,0,0,0,0,1,0,0,0,0,0,0,0,0,0,0,0,0,0,0,0,0,0,0,1,0,1,0,0,0,0,0,0,0,0,0,0,0,0,0,1,1,0,1,0,1,1,0,0,0,0,0
ERR10710709,SAMEA112258687,PRJEB58617,Djibouti,East Africa,Djibouti,11.8145966,42.8453061,2021,2021,Pus - Nosocomial human infection - Intensive care unit,Human clinical,Human,infection,"Carbapenemase-Producing gram-negative bacteria in Djibouti city, Djibouti",Universite de Limoges,Acinetobacter baumannii,NZ_JAAEFQ010000001.1,971/1000,0.000705841,2,3951508,65,165695,39.0,1697,0,0,0,0,1,0,0,0,1,0,0,1,1,1,0,0,0,0,1,1,0,0,0,0,0,0,0,0,0,0,0,0,0,0,0,0,0,0,0,0,0,0,0,0,0,0,1,0,0,0,0,0,0,0,0,0,0,0,0,0,0,0,0,0,0,0,0,0,0,0,1,0,0,0,0,0,0,0,0,0,0,1,0,0,0,0,0,0,0,0,0,0,0,1,0,0,0,0,0,0,0,0,0,0,0,0,0,0,0,0,0,0,1,0,1,0,0,0,0,0,0,0,0,0,0,0,0,0,1,1,0,1,0,1,1,0,0,0,0,0
ERR10782663,SAMEA112328298,PRJEB58695,Nigeria,West Africa,Ibadan,7.34872,3.87929,2021,2021,,Not stated,,,"SEQAFRICA, a regional initiative of the UK Fleming Fund engages in whole genome sequencing of bacteria of antimicrobial resistance importance to support surveillance in Africa.","Global Health Research Unit for the Genomic Surveillance of Antimicrobial Resistance, Ibadan",Acinetobacter baumannii,NZ_RHYF01000100.1,567/1000,0.0154006,,3449841,376,17640,38.9,,0,0,0,0,0,0,0,0,0,0,0,1,0,0,0,0,0,0,0,0,0,0,1,0,0,0,0,0,0,0,0,0,0,0,0,0,0,0,0,0,0,0,0,0,0,0,0,0,0,0,0,0,0,0,0,0,0,0,0,0,0,0,0,0,0,0,0,0,0,0,0,0,0,0,0,0,0,0,0,0,0,0,0,0,0,0,0,0,0,0,0,1,0,0,0,0,0,0,0,0,0,0,0,0,0,0,0,0,0,0,0,0,0,0,0,0,0,0,0,0,0,0,0,0,0,0,0,0,0,0,0,0,0,0,0,0,0,0,0,0
ERR10782668,SAMEA112328303,PRJEB58695,Nigeria,West Africa,Ibadan,7.34872,3.87929,2022,2022,Rectal swab,Human clinical,Human,,"SEQAFRICA, a regional initiative of the UK Fleming Fund engages in whole genome sequencing of bacteria of antimicrobial resistance importance to support surveillance in Africa.","Global Health Research Unit for the Genomic Surveillance of Antimicrobial Resistance, Ibadan",Acinetobacter baumannii,NZ_AVST01000001.1,891/1000,0.00282712,,4018408,381,19094,38.8,,0,0,0,0,0,0,0,0,0,0,0,1,0,0,0,0,0,0,0,0,0,0,0,0,0,0,0,0,0,0,0,0,0,0,0,0,0,0,0,1,0,0,0,0,0,0,0,0,0,0,0,0,0,0,0,0,0,0,0,0,0,0,0,0,0,0,0,0,0,0,0,0,0,0,0,0,0,0,0,0,0,0,0,0,0,0,0,0,0,0,0,0,1,0,0,0,0,0,0,0,0,0,0,0,0,0,0,0,0,0,0,0,0,0,0,0,0,0,0,0,0,0,0,0,0,1,0,0,0,0,0,0,0,0,0,0,0,0,0,0
ERR10782671,SAMEA112328305,PRJEB58695,Nigeria,West Africa,Ibadan,7.34872,3.87929,2022,2022,Rectal swab,Human clinical,Human,,"SEQAFRICA, a regional initiative of the UK Fleming Fund engages in whole genome sequencing of bacteria of antimicrobial resistance importance to support surveillance in Africa.","Global Health Research Unit for the Genomic Surveillance of Antimicrobial Resistance, Ibadan",Acinetobacter baumannii,NZ_JAAGSF010000001.1,905/1000,0.00243596,103,3886052,127,76584,38.9,514,0,0,0,0,0,0,0,0,0,0,0,1,0,0,0,0,1,0,0,0,0,0,0,0,0,0,0,0,0,0,0,0,0,0,0,0,0,1,0,0,0,0,0,0,0,0,0,0,0,0,0,0,0,0,0,0,0,0,0,0,0,0,0,0,0,0,0,0,0,0,1,0,0,0,0,0,0,0,0,0,0,1,0,0,0,0,0,0,0,0,0,0,0,0,0,0,0,1,0,0,0,0,0,0,0,0,0,0,0,0,0,0,1,0,0,0,0,0,0,0,0,0,0,0,0,0,0,0,0,0,0,0,0,0,0,1,0,0,0,0
ERR10782676,SAMEA112328312,PRJEB58695,Nigeria,West Africa,Ibadan,7.34872,3.87929,2022,2022,Rectal swab,Human clinical,Human,,"SEQAFRICA, a regional initiative of the UK Fleming Fund engages in whole genome sequencing of bacteria of antimicrobial resistance importance to support surveillance in Africa.","Global Health Research Unit for the Genomic Surveillance of Antimicrobial Resistance, Ibadan",Acinetobacter baumannii,NZ_CVLD01000001.1,949/1000,0.00126265,409,3918868,351,17838,39.0,2452,0,0,1,0,0,0,0,0,1,0,0,1,0,0,0,0,1,0,0,0,0,0,0,0,0,0,0,0,0,0,0,0,0,0,0,0,0,0,0,0,0,0,0,0,0,0,0,0,0,0,0,0,0,0,0,0,1,0,0,0,0,0,0,0,0,0,0,0,0,0,0,0,0,0,0,0,0,0,0,0,0,1,0,0,0,0,0,0,0,0,0,0,0,0,0,0,1,0,0,0,0,0,0,0,0,0,0,0,0,0,0,0,0,0,0,0,0,0,0,0,0,0,0,0,0,0,0,0,0,0,0,0,0,1,0,0,0,0,0,0
ERR10782680,SAMEA112328316,PRJEB58695,Nigeria,West Africa,Ibadan,7.34872,3.87929,2021,2021,Blood,Human clinical,Human,,"SEQAFRICA, a regional initiative of the UK Fleming Fund engages in whole genome sequencing of bacteria of antimicrobial resistance importance to support surveillance in Africa.","Global Health Research Unit for the Genomic Surveillance of Antimicrobial Resistance, Ibadan",Acinetobacter baumannii,NZ_QCXT01000001.1,701/1000,0.00920555,2214,3760506,131,62729,39.1,2802,0,0,0,0,0,0,0,0,0,0,0,1,0,0,0,0,0,0,0,0,0,0,0,0,0,0,0,0,0,0,0,0,0,0,0,0,0,0,0,0,0,0,0,0,0,0,0,0,0,0,0,0,0,0,0,0,0,0,0,0,0,0,1,0,0,0,0,0,0,0,0,0,0,0,0,0,0,0,0,0,0,0,0,0,0,0,0,0,0,0,0,0,0,0,0,0,0,0,0,0,0,0,0,0,0,1,0,0,0,0,0,0,0,0,0,0,0,0,0,0,0,0,0,0,0,0,0,0,0,0,0,0,0,0,1,0,0,0,0,0
ERR10782688,SAMEA112328322,PRJEB58695,Nigeria,West Africa,Ibadan,7.34872,3.87929,2021,2021,Blood,Human clinical,Human,,"SEQAFRICA, a regional initiative of the UK Fleming Fund engages in whole genome sequencing of bacteria of antimicrobial resistance importance to support surveillance in Africa.","Global Health Research Unit for the Genomic Surveillance of Antimicrobial Resistance, Ibadan",Acinetobacter baumannii,NZ_WWCH01000001.1,917/1000,0.00210772,126,4236924,35,329108,38.9,2089,0,0,0,0,0,0,0,0,0,0,1,1,0,1,0,0,0,0,0,0,0,0,0,0,0,0,0,0,0,0,0,0,0,0,0,0,0,0,0,0,0,0,0,0,0,0,0,0,0,0,1,0,0,0,0,0,0,0,0,0,0,0,0,0,0,0,0,0,0,0,1,0,0,0,0,0,0,0,0,0,0,0,0,0,0,0,0,0,0,0,0,1,0,0,0,0,0,0,0,0,0,0,0,0,0,0,0,0,0,0,0,0,1,0,0,0,0,0,0,0,0,0,0,0,1,0,0,0,1,1,0,0,0,0,0,1,0,0,0,0
ERR10782695,SAMEA112328326,PRJEB58695,Nigeria,West Africa,Ibadan,7.34872,3.87929,2021,2021,Blood,Human clinical,Human,,"SEQAFRICA, a regional initiative of the UK Fleming Fund engages in whole genome sequencing of bacteria of antimicrobial resistance importance to support surveillance in Africa.","Global Health Research Unit for the Genomic Surveillance of Antimicrobial Resistance, Ibadan",Acinetobacter baumannii,NZ_UFIQ01000049.1,897/1000,0.00265838,164,3883368,76,137252,38.9,1418,0,0,0,0,0,0,0,0,0,0,1,1,0,0,0,0,0,0,0,0,0,0,0,0,0,0,0,0,0,0,0,0,0,0,0,0,1,0,0,0,0,0,0,0,0,0,0,0,0,0,0,1,0,0,0,0,0,0,0,0,0,0,0,1,0,0,0,0,0,0,0,0,0,0,0,0,0,0,0,0,0,0,0,0,0,0,0,0,0,0,0,0,0,0,0,0,0,0,0,0,0,0,0,1,0,0,0,0,0,0,0,0,0,0,0,0,0,0,0,0,0,0,0,0,0,0,0,0,0,0,0,0,0,0,0,0,0,0,0,0
ERR10782717,SAMEA112328354,PRJEB58695,Nigeria,West Africa,Ibadan,7.34872,3.87929,2021,2021,Blood,Human clinical,Human,,"SEQAFRICA, a regional initiative of the UK Fleming Fund engages in whole genome sequencing of bacteria of antimicrobial resistance importance to support surveillance in Africa.","Global Health Research Unit for the Genomic Surveillance of Antimicrobial Resistance, Ibadan",Acinetobacter baumannii,NZ_JMOD01000001.1,786/1000,0.00607761,1828,3818197,111,71731,38.9,2479,0,0,0,0,0,0,0,0,0,0,0,1,0,0,0,0,0,0,0,0,0,0,0,0,0,0,0,1,0,0,0,0,0,0,0,0,0,0,0,0,0,0,0,0,0,0,0,0,0,0,0,0,0,0,0,0,0,0,0,0,0,0,0,0,0,0,0,0,0,0,0,0,0,0,0,0,0,0,0,0,0,0,0,0,0,0,0,0,1,0,0,0,0,0,0,0,0,0,0,0,0,0,0,0,0,0,0,0,0,0,0,0,0,0,0,0,0,0,0,0,0,0,0,0,0,0,0,0,0,0,0,0,0,0,0,0,0,0,0,0
ERR10782743,SAMEA112328363,PRJEB58695,Nigeria,West Africa,Ibadan,7.34872,3.87929,2021,2021,Blood,Human clinical,Human,,"SEQAFRICA, a regional initiative of the UK Fleming Fund engages in whole genome sequencing of bacteria of antimicrobial resistance importance to support surveillance in Africa.","Global Health Research Unit for the Genomic Surveillance of Antimicrobial Resistance, Ibadan",Acinetobacter baumannii,NZ_NGHR01000009.1,808/1000,0.00534606,,3649769,168,51834,39.0,2828,0,0,0,0,0,0,0,0,0,0,0,1,0,0,0,0,0,0,0,0,0,0,0,0,0,0,0,0,0,0,0,1,0,0,0,0,0,0,0,0,0,0,0,0,0,0,0,0,0,0,0,0,0,0,0,0,0,0,0,0,0,0,0,0,0,0,0,0,0,0,0,0,0,0,0,0,0,0,0,0,0,0,0,0,0,0,0,0,0,1,0,0,0,0,0,0,0,0,0,0,0,0,0,0,0,0,0,0,0,0,0,0,0,0,0,0,0,0,0,0,0,0,0,0,0,0,0,0,0,0,0,0,0,0,0,0,0,0,0,0
ERR10783123,SAMEA112328301,PRJEB58695,Nigeria,West Africa,Ibadan,7.34872,3.87929,2022,2022,Rectal swab,Human clinical,Human,,"SEQAFRICA, a regional initiative of the UK Fleming Fund engages in whole genome sequencing of bacteria of antimicrobial resistance importance to support surveillance in Africa.","Global Health Research Unit for the Genomic Surveillance of Antimicrobial Resistance, Ibadan",Acinetobacter baumannii,NZ_RFEE01000001.1,556/1000,0.015998,2215,3695824,129,58057,39.0,2798,0,0,0,0,0,0,0,0,0,0,0,1,0,0,0,0,0,0,0,0,0,0,0,0,0,0,0,0,0,0,0,0,0,0,0,0,0,0,0,0,0,0,0,0,0,0,0,0,0,0,0,0,0,0,0,0,0,0,0,0,0,0,1,0,0,0,0,0,0,0,0,1,0,0,0,0,0,0,0,0,0,0,0,0,0,0,0,0,0,0,0,0,0,0,0,0,0,0,0,0,0,0,0,0,0,0,0,0,0,0,0,0,0,0,0,0,0,0,0,0,0,0,0,0,0,1,0,0,0,0,0,0,0,0,1,0,0,0,0,0
ERR10783128,SAMEA112328309,PRJEB58695,Nigeria,West Africa,Ibadan,7.34872,3.87929,2022,2022,Rectal swab,Human clinical,Human,,"SEQAFRICA, a regional initiative of the UK Fleming Fund engages in whole genome sequencing of bacteria of antimicrobial resistance importance to support surveillance in Africa.","Global Health Research Unit for the Genomic Surveillance of Antimicrobial Resistance, Ibadan",Acinetobacter baumannii,NZ_NIWP01000085.1,889/1000,0.00288374,821,4065126,137,81279,39.1,2146,1,0,0,0,0,0,0,0,0,0,0,1,1,0,0,0,0,0,1,0,0,0,0,0,0,0,0,0,0,0,0,0,0,0,0,0,0,0,0,0,0,0,0,0,0,0,0,0,1,0,0,0,0,0,0,0,0,0,0,0,0,0,0,0,0,0,0,0,0,0,1,0,0,0,0,0,0,0,0,0,0,0,0,0,1,0,0,0,0,0,1,0,0,0,0,0,0,0,0,0,0,0,0,0,0,0,0,0,0,0,0,0,1,0,0,0,0,1,0,0,0,0,0,0,1,0,0,0,0,0,0,0,0,0,1,0,0,0,0,0
ERR10783132,SAMEA112328311,PRJEB58695,Nigeria,West Africa,Ibadan,7.34872,3.87929,2022,2022,Rectal swab,Human clinical,Human,,"SEQAFRICA, a regional initiative of the UK Fleming Fund engages in whole genome sequencing of bacteria of antimicrobial resistance importance to support surveillance in Africa.","Global Health Research Unit for the Genomic Surveillance of Antimicrobial Resistance, Ibadan",Acinetobacter baumannii,NZ_CVLD01000001.1,957/1000,0.00105797,,3945331,102,87004,39.0,2452,0,0,1,0,0,0,0,0,1,0,0,1,0,0,0,0,1,0,0,0,0,0,0,0,0,0,0,0,0,0,0,0,0,0,0,0,0,0,0,0,0,0,0,0,0,0,0,0,0,0,0,0,0,0,0,0,1,0,0,0,0,0,0,0,0,0,0,0,0,0,0,0,0,0,0,0,0,0,0,0,0,1,0,0,0,0,0,0,0,0,0,0,0,0,0,0,1,0,0,0,0,0,0,0,0,0,0,0,0,0,0,0,0,0,0,0,0,0,0,0,0,0,0,0,0,0,0,0,0,0,0,1,0,1,0,0,0,0,0,0
ERR10783138,SAMEA112328319,PRJEB58695,Nigeria,West Africa,Ibadan,7.34872,3.87929,2021,2021,Blood,Human clinical,Human,,"SEQAFRICA, a regional initiative of the UK Fleming Fund engages in whole genome sequencing of bacteria of antimicrobial resistance importance to support surveillance in Africa.","Global Health Research Unit for the Genomic Surveillance of Antimicrobial Resistance, Ibadan",Acinetobacter baumannii,NZ_JMOD01000001.1,738/1000,0.00778092,1464,3768405,210,39132,39.0,2803,0,0,0,0,0,0,0,0,0,0,0,1,0,0,0,0,0,0,0,0,0,0,0,0,0,0,0,1,0,0,0,0,0,0,0,0,0,0,0,0,0,0,0,0,0,0,0,0,0,0,0,0,0,0,0,0,0,0,0,0,0,0,0,0,0,0,0,0,0,0,0,0,0,0,0,0,0,0,0,0,0,0,0,0,0,0,0,0,1,0,0,0,0,0,0,0,0,0,0,0,0,0,0,0,0,0,0,0,0,0,0,0,0,0,0,0,0,0,0,0,0,0,0,0,0,0,0,0,0,0,0,0,0,0,0,0,0,0,0,0
ERR10783144,SAMEA112328327,PRJEB58695,Nigeria,West Africa,Ibadan,7.34872,3.87929,2021,2021,Blood,Human clinical,Human,,"SEQAFRICA, a regional initiative of the UK Fleming Fund engages in whole genome sequencing of bacteria of antimicrobial resistance importance to support surveillance in Africa.","Global Health Research Unit for the Genomic Surveillance of Antimicrobial Resistance, Ibadan",Acinetobacter baumannii,NZ_NGHQ01000032.1,915/1000,0.00216198,973,4296105,84,110999,39.0,2836,1,0,0,0,0,0,1,0,0,0,0,1,1,0,0,0,1,0,1,0,0,1,0,0,0,0,0,0,0,0,0,0,0,0,0,0,0,0,0,0,0,0,0,0,0,0,0,0,0,0,0,0,0,0,0,0,0,0,1,0,0,0,0,0,0,0,0,0,0,0,1,0,0,0,0,0,0,0,0,0,0,0,0,0,0,0,0,0,0,0,0,0,0,0,0,0,0,0,0,0,0,0,0,0,1,0,0,0,0,0,0,0,1,0,0,0,0,0,0,0,1,0,0,0,1,0,0,0,1,1,0,1,0,1,1,0,0,0,0,1
ERR10783153,SAMEA112328335,PRJEB58695,Nigeria,West Africa,Ibadan,7.34872,3.87929,2022,2022,Rectal swab,Human clinical,Human,,"SEQAFRICA, a regional initiative of the UK Fleming Fund engages in whole genome sequencing of bacteria of antimicrobial resistance importance to support surveillance in Africa.","Global Health Research Unit for the Genomic Surveillance of Antimicrobial Resistance, Ibadan",Acinetobacter baumannii,NZ_CVLD01000001.1,959/1000,0.0010072,409,3945166,83,112965,39.0,2452,0,0,1,0,0,0,0,0,1,0,0,1,0,0,0,0,1,0,0,0,0,0,0,0,0,0,0,0,0,0,0,0,0,0,0,0,0,0,0,0,0,0,0,0,0,0,0,0,0,0,0,0,0,0,0,0,1,0,0,0,0,0,0,0,0,0,0,0,0,0,0,0,0,0,0,0,0,0,0,0,0,1,0,0,0,0,0,0,0,0,0,0,0,0,0,0,1,0,0,0,0,0,0,0,0,0,0,0,0,0,0,0,0,0,0,0,0,0,0,0,0,0,0,0,0,0,0,0,0,0,0,1,0,1,0,0,0,0,0,0
ERR10783156,SAMEA112328338,PRJEB58695,Nigeria,West Africa,Ibadan,7.34872,3.87929,2022,2022,Rectal swab,Human clinical,Human,,"SEQAFRICA, a regional initiative of the UK Fleming Fund engages in whole genome sequencing of bacteria of antimicrobial resistance importance to support surveillance in Africa.","Global Health Research Unit for the Genomic Surveillance of Antimicrobial Resistance, Ibadan",Acinetobacter baumannii,NZ_AFCZ02000003.1,940/1000,0.00149601,32,3953858,67,204667,39.0,472,1,0,0,0,0,0,0,0,0,0,1,1,1,1,0,1,0,0,1,0,0,0,0,0,0,0,0,0,0,0,0,0,0,0,0,0,0,0,0,0,0,0,0,0,0,0,0,0,0,0,0,0,0,0,0,0,0,1,0,0,0,0,0,0,0,0,0,0,0,0,1,0,1,0,0,0,0,0,0,0,0,0,0,0,0,0,0,0,0,0,0,0,0,0,0,0,0,0,0,0,0,0,0,0,0,0,0,0,0,0,0,0,1,0,0,0,0,0,1,0,0,0,0,0,0,0,0,0,1,1,0,0,0,0,1,1,0,0,0,0
ERR10783159,SAMEA112328341,PRJEB58695,Nigeria,West Africa,Ibadan,7.34872,3.87929,2022,2022,Rectal swab,Human clinical,Human,,"SEQAFRICA, a regional initiative of the UK Fleming Fund engages in whole genome sequencing of bacteria of antimicrobial resistance importance to support surveillance in Africa.","Global Health Research Unit for the Genomic Surveillance of Antimicrobial Resistance, Ibadan",Acinetobacter baumannii,NZ_JAAGSF010000001.1,903/1000,0.00249129,103,3887857,179,45638,38.9,514,0,0,0,0,0,0,0,0,0,0,0,1,0,0,0,0,1,0,0,0,0,0,0,0,0,0,0,0,0,0,0,0,0,0,0,0,0,1,0,0,0,0,0,0,0,0,0,0,0,0,0,0,0,0,0,0,0,0,0,0,0,0,0,0,0,0,0,0,0,0,1,0,0,0,0,0,0,0,0,0,0,1,0,0,0,0,0,0,0,0,0,0,0,0,0,0,0,1,0,0,0,0,0,0,0,0,0,0,0,0,0,0,1,0,0,0,0,0,0,0,0,0,0,0,0,0,0,0,0,0,0,0,0,0,0,1,0,0,0,0
ERR10783163,SAMEA112328347,PRJEB58695,Nigeria,West Africa,Ibadan,7.34872,3.87929,2022,2022,Rectal swab,Human clinical,Human,,"SEQAFRICA, a regional initiative of the UK Fleming Fund engages in whole genome sequencing of bacteria of antimicrobial resistance importance to support surveillance in Africa.","Global Health Research Unit for the Genomic Surveillance of Antimicrobial Resistance, Ibadan",Acinetobacter baumannii,NZ_CVLD01000001.1,949/1000,0.00126265,409,3911576,292,24951,39.0,2452,0,0,1,0,0,0,0,0,1,0,0,1,0,0,0,0,1,0,0,0,0,0,0,0,0,0,0,0,0,0,0,0,0,0,0,0,0,0,0,0,0,0,0,0,0,0,0,0,0,0,0,0,0,0,0,0,1,0,0,0,0,0,0,0,0,0,0,0,0,0,0,0,0,0,0,0,0,0,0,0,0,1,0,0,0,0,0,0,0,0,0,0,0,0,0,0,1,0,0,0,0,0,0,0,0,0,0,0,0,0,0,0,0,0,0,0,0,0,0,0,0,0,0,0,0,0,0,0,0,0,0,1,0,1,0,0,0,0,0,0
ERR10783166,SAMEA112328348,PRJEB58695,Nigeria,West Africa,Ibadan,7.34872,3.87929,2022,2022,Rectal swab,Human clinical,Human,,"SEQAFRICA, a regional initiative of the UK Fleming Fund engages in whole genome sequencing of bacteria of antimicrobial resistance importance to support surveillance in Africa.","Global Health Research Unit for the Genomic Surveillance of Antimicrobial Resistance, Ibadan",Acinetobacter baumannii,NZ_AVST01000001.1,892/1000,0.00279888,221,4007712,37,282655,38.8,351,0,0,0,0,0,0,0,0,0,0,0,1,0,0,0,0,0,0,0,0,0,0,0,0,0,0,0,0,0,0,0,0,0,0,0,0,0,0,0,1,0,0,0,0,0,0,0,0,0,0,0,0,0,0,0,0,0,0,0,0,0,0,0,0,0,0,0,0,0,0,0,0,0,0,0,0,0,0,0,0,0,0,0,0,0,0,0,0,0,0,0,0,1,0,0,0,0,0,0,0,0,0,0,0,0,0,0,0,0,0,0,0,0,0,0,0,0,0,0,0,0,0,0,0,0,1,0,0,0,0,0,0,0,0,0,0,0,0,0,0
ERR10783178,SAMEA112328413,PRJEB58695,Nigeria,West Africa,Ibadan,7.34872,3.87929,2021,2021,,Not stated,,,"SEQAFRICA, a regional initiative of the UK Fleming Fund engages in whole genome sequencing of bacteria of antimicrobial resistance importance to support surveillance in Africa.","Global Health Research Unit for the Genomic Surveillance of Antimicrobial Resistance, Ibadan",Acinetobacter baumannii,NZ_VHEI01000001.1,914/1000,0.00218918,973,4300746,72,143421,39.0,2836,1,0,0,0,0,0,1,0,0,0,0,1,1,0,0,0,1,0,1,0,0,1,0,0,0,0,0,0,0,0,0,0,0,0,0,0,0,0,0,0,0,0,0,0,0,0,0,0,0,0,0,0,0,0,0,0,0,0,1,0,0,0,0,0,0,0,0,0,0,0,1,0,0,0,0,0,0,0,0,0,0,0,0,0,0,0,0,0,0,0,0,0,0,0,0,0,0,0,0,0,0,0,0,0,1,0,0,0,0,0,0,0,1,0,0,0,0,0,0,0,1,0,0,0,1,0,0,0,1,1,0,1,0,1,1,0,0,0,0,1
ERR10787957,SAMEA112328318,PRJEB58695,Nigeria,West Africa,Ibadan,7.34872,3.87929,2021,2021,Blood,Human clinical,Human,,"SEQAFRICA, a regional initiative of the UK Fleming Fund engages in whole genome sequencing of bacteria of antimicrobial resistance importance to support surveillance in Africa.","Global Health Research Unit for the Genomic Surveillance of Antimicrobial Resistance, Ibadan",Acinetobacter baumannii,NZ_JMOD01000001.1,732/1000,0.00800497,2227,3715997,253,29336,39.0,2803,0,0,0,0,0,0,0,0,0,0,0,1,0,0,0,0,0,0,0,0,0,0,0,0,0,0,0,1,0,0,0,0,0,0,0,0,0,0,0,0,0,0,0,0,0,0,0,0,0,0,0,0,0,0,0,0,0,0,0,0,0,0,0,0,0,0,0,0,0,0,0,0,0,0,0,0,0,0,0,0,0,0,0,0,0,0,0,0,1,0,0,0,0,0,0,0,0,0,0,0,0,0,0,0,0,0,0,0,0,0,0,0,0,0,0,0,0,0,0,0,0,0,0,0,0,0,0,0,0,0,0,0,0,0,0,0,0,0,0,0
ERR10787959,SAMEA112328321,PRJEB58695,Nigeria,West Africa,Ibadan,7.34872,3.87929,2021,2021,Blood,Human clinical,Human,,"SEQAFRICA, a regional initiative of the UK Fleming Fund engages in whole genome sequencing of bacteria of antimicrobial resistance importance to support surveillance in Africa.","Global Health Research Unit for the Genomic Surveillance of Antimicrobial Resistance, Ibadan",Acinetobacter baumannii,NZ_NGHR01000009.1,784/1000,0.00614558,,3796168,128,77602,38.8,2824,0,0,0,0,0,0,0,0,0,0,0,1,0,0,0,0,0,0,0,0,0,0,0,0,0,0,0,0,0,0,0,1,0,0,0,0,0,0,0,0,0,0,0,0,0,0,0,0,0,0,0,0,0,0,0,0,0,0,0,0,0,0,0,0,0,0,0,0,0,0,0,0,0,0,0,0,0,0,0,0,0,0,0,0,0,0,0,0,0,1,0,0,0,0,0,0,0,0,0,0,0,0,0,0,0,0,0,0,0,0,0,0,0,0,0,0,0,0,0,0,0,0,0,0,0,0,0,0,0,0,0,0,0,0,0,0,0,0,0,0
ERR10787961,SAMEA112328325,PRJEB58695,Nigeria,West Africa,Ibadan,7.34872,3.87929,2021,2021,Blood,Human clinical,Human,,"SEQAFRICA, a regional initiative of the UK Fleming Fund engages in whole genome sequencing of bacteria of antimicrobial resistance importance to support surveillance in Africa.","Global Health Research Unit for the Genomic Surveillance of Antimicrobial Resistance, Ibadan",Acinetobacter baumannii,NZ_VHEI01000001.1,911/1000,0.00227104,973,4293477,192,42976,39.0,2836,1,0,0,0,0,0,1,0,0,0,0,1,1,0,0,0,1,0,1,0,0,1,1,0,0,0,0,0,0,0,0,0,0,0,0,0,0,0,0,0,0,0,0,0,0,0,0,0,0,0,0,0,0,0,0,0,0,0,0,0,0,0,0,0,0,0,0,0,0,0,1,0,0,0,0,0,0,0,0,0,0,0,0,0,0,0,0,0,0,0,0,0,0,0,0,0,0,0,0,0,0,0,0,0,1,0,0,0,0,0,0,0,1,0,0,0,0,0,0,0,1,0,0,0,1,0,0,0,1,1,0,1,0,1,1,0,0,0,0,1
ERR10788033,SAMEA112328342,PRJEB58695,Nigeria,West Africa,Ibadan,7.34872,3.87929,2022,2022,Rectal swab,Human clinical,Human,,"SEQAFRICA, a regional initiative of the UK Fleming Fund engages in whole genome sequencing of bacteria of antimicrobial resistance importance to support surveillance in Africa.","Global Health Research Unit for the Genomic Surveillance of Antimicrobial Resistance, Ibadan",Acinetobacter baumannii,NZ_AP014649.1,956/1000,0.00108342,622,4174545,96,98919,39.0,919,0,0,0,0,0,0,0,0,0,0,0,1,1,0,0,0,1,0,1,1,1,0,0,0,0,0,0,0,0,0,0,0,0,0,0,0,0,0,0,0,0,1,0,0,0,0,0,0,0,0,0,0,0,0,0,0,0,0,0,0,0,0,0,0,0,0,0,0,0,0,1,0,0,1,0,0,0,0,0,0,0,1,0,0,0,0,0,0,0,0,0,0,0,0,0,0,0,0,0,0,0,0,0,0,0,0,0,0,0,0,0,0,1,0,0,0,1,0,0,0,0,0,0,0,0,0,0,0,1,1,0,1,0,1,1,0,0,0,0,0
ERR10788115,SAMEA112328360,PRJEB58695,Nigeria,West Africa,Ibadan,7.34872,3.87929,2021,2021,Blood,Human clinical,Human,,"SEQAFRICA, a regional initiative of the UK Fleming Fund engages in whole genome sequencing of bacteria of antimicrobial resistance importance to support surveillance in Africa.","Global Health Research Unit for the Genomic Surveillance of Antimicrobial Resistance, Ibadan",Acinetobacter baumannii,NZ_VHDV01000001.1,928/1000,0.00181236,78,3883814,33,367830,38.9,2830,0,0,0,0,0,0,0,0,1,0,1,1,0,1,0,0,0,0,0,0,0,0,0,0,0,0,0,0,0,0,0,0,0,0,0,0,0,0,0,0,0,0,0,0,0,0,0,0,0,0,0,1,0,0,0,0,0,0,0,0,0,0,0,1,0,0,0,0,0,0,0,0,0,0,0,0,0,0,0,0,0,0,0,0,0,0,0,0,0,0,0,0,0,0,0,0,0,0,0,0,0,0,1,0,0,0,0,0,0,0,0,0,0,0,0,0,0,1,0,0,0,0,0,0,0,0,0,0,1,1,0,0,1,0,1,1,0,1,0,0
ERR10788118,SAMEA112328386,PRJEB58695,Nigeria,West Africa,Ibadan,7.34872,3.87929,2021,2021,Blood,Human clinical,Human,,"SEQAFRICA, a regional initiative of the UK Fleming Fund engages in whole genome sequencing of bacteria of antimicrobial resistance importance to support surveillance in Africa.","Global Health Research Unit for the Genomic Surveillance of Antimicrobial Resistance, Ibadan",Acinetobacter baumannii,NZ_QCXT01000001.1,769/1000,0.00666341,516,3618030,97,101138,39.1,2832,0,0,0,0,0,0,0,0,0,0,0,1,0,0,0,0,0,0,0,0,0,0,1,0,0,0,0,0,0,0,0,0,0,0,0,0,0,0,0,0,0,0,0,0,0,0,0,0,0,0,0,0,0,0,0,0,0,0,0,0,0,0,0,0,0,0,0,0,0,0,0,1,0,0,0,0,0,0,0,0,0,0,0,0,0,0,0,0,0,0,0,0,0,0,0,0,0,0,0,0,0,0,0,0,0,0,0,0,0,0,0,0,0,0,0,0,0,0,0,0,0,0,0,0,0,0,0,0,0,0,0,0,0,0,1,0,0,0,0,0
ERR10788121,SAMEA112328411,PRJEB58695,Nigeria,West Africa,Ibadan,7.34872,3.87929,2021,2021,Blood,Human clinical,Human,,"SEQAFRICA, a regional initiative of the UK Fleming Fund engages in whole genome sequencing of bacteria of antimicrobial resistance importance to support surveillance in Africa.","Global Health Research Unit for the Genomic Surveillance of Antimicrobial Resistance, Ibadan",Acinetobacter baumannii,NZ_NXGU01000001.1,978/1000,0.000532603,1,3958732,282,27732,39.1,231,0,0,1,0,0,0,0,0,1,0,0,1,1,1,0,0,1,0,1,0,0,0,0,0,0,0,0,0,0,0,0,0,0,0,0,1,0,0,0,0,0,0,0,0,0,0,0,0,0,0,0,0,0,0,0,0,0,0,0,0,0,0,0,0,0,0,0,0,0,0,1,0,0,0,0,0,0,0,0,0,0,1,0,0,0,0,0,0,0,0,0,0,0,0,0,0,1,0,0,0,0,0,0,0,0,0,0,0,0,0,0,0,1,0,0,0,0,1,0,0,0,0,0,0,0,0,0,0,0,0,0,1,1,1,1,0,0,1,0,0
ERR10794274,SAMEA112328307,PRJEB58695,Nigeria,West Africa,Ibadan,7.34872,3.87929,2022,2022,Sputun,Human clinical,Human,,"SEQAFRICA, a regional initiative of the UK Fleming Fund engages in whole genome sequencing of bacteria of antimicrobial resistance importance to support surveillance in Africa.","Global Health Research Unit for the Genomic Surveillance of Antimicrobial Resistance, Ibadan",Acinetobacter baumannii,NZ_WWCH01000001.1,896/1000,0.00268639,,4310030,176,52227,38.9,,0,0,0,0,0,0,0,0,0,0,1,1,0,1,0,0,0,0,0,0,0,0,0,0,0,0,0,0,0,0,0,0,0,0,0,0,0,0,0,0,0,0,0,0,0,0,0,0,0,0,1,0,0,0,0,0,0,0,0,0,0,0,0,0,0,0,0,0,0,0,1,0,0,0,0,0,0,0,0,0,0,0,0,0,0,0,0,0,0,0,0,1,0,0,0,0,0,0,0,0,0,0,0,0,0,0,0,0,0,0,0,0,1,0,0,0,0,0,0,0,0,0,0,0,1,0,0,0,1,1,0,0,0,0,0,1,0,0,0,0
ERR10794308,SAMEA112328330,PRJEB58695,Nigeria,West Africa,Ibadan,7.34872,3.87929,2021,2021,,Not stated,,,"SEQAFRICA, a regional initiative of the UK Fleming Fund engages in whole genome sequencing of bacteria of antimicrobial resistance importance to support surveillance in Africa.","Global Health Research Unit for the Genomic Surveillance of Antimicrobial Resistance, Ibadan",Acinetobacter baumannii,NZ_VHEI01000001.1,914/1000,0.00218918,973,4300977,68,155948,39.0,2836,1,0,0,0,0,0,1,0,0,0,0,1,1,0,0,0,1,0,1,0,0,1,0,0,0,0,0,0,0,0,0,0,0,0,0,0,0,0,0,0,0,0,0,0,0,0,0,0,0,0,0,0,0,0,0,0,0,0,1,0,0,0,0,0,0,0,0,0,0,0,1,0,0,0,0,0,0,0,0,0,0,0,0,0,0,0,0,0,0,0,0,0,0,0,0,0,0,0,0,0,0,0,0,0,1,0,0,0,0,0,0,0,1,0,0,0,0,0,0,0,1,0,0,0,1,0,0,0,1,1,0,1,0,1,1,0,0,0,0,1
ERR10794316,SAMEA112328340,PRJEB58695,Nigeria,West Africa,Ibadan,7.34872,3.87929,2022,2022,stool,Human clinical,Human,,"SEQAFRICA, a regional initiative of the UK Fleming Fund engages in whole genome sequencing of bacteria of antimicrobial resistance importance to support surveillance in Africa.","Global Health Research Unit for the Genomic Surveillance of Antimicrobial Resistance, Ibadan",Acinetobacter baumannii,NZ_AFCZ02000003.1,940/1000,0.00149601,32,3953945,57,276577,39.0,472,1,0,0,0,0,0,0,0,0,0,1,1,1,1,0,1,0,0,1,0,0,0,0,0,0,0,0,0,0,0,0,0,0,0,0,0,0,0,0,0,0,0,0,0,0,0,0,0,0,0,0,0,0,0,0,0,0,1,0,0,0,0,0,0,0,0,0,0,0,0,1,0,1,0,0,0,0,0,0,0,0,0,0,0,0,0,0,0,0,0,1,0,0,0,0,0,0,0,0,0,0,0,0,0,0,0,0,0,0,0,0,0,1,0,0,0,0,0,1,0,0,0,0,0,0,0,0,0,1,1,0,0,0,0,1,0,0,0,0,0
ERR10794327,SAMEA112328350,PRJEB58695,Nigeria,West Africa,Ibadan,7.34872,3.87929,2022,2022,,Not stated,,,"SEQAFRICA, a regional initiative of the UK Fleming Fund engages in whole genome sequencing of bacteria of antimicrobial resistance importance to support surveillance in Africa.","Global Health Research Unit for the Genomic Surveillance of Antimicrobial Resistance, Ibadan",Acinetobacter baumannii,NZ_AP014649.1,957/1000,0.00105797,622,4189802,65,193584,39.0,919,0,0,0,0,0,0,0,0,0,0,0,1,1,0,0,0,1,0,1,1,1,0,0,0,0,0,0,0,0,0,0,0,0,0,0,0,0,0,0,0,0,1,0,0,0,0,0,0,0,0,0,0,0,0,0,0,0,0,0,0,0,0,0,0,0,0,0,0,0,0,1,0,0,1,0,0,0,0,0,0,0,1,0,0,0,0,0,0,0,0,0,0,0,0,0,0,0,0,0,0,0,0,0,0,0,0,0,0,0,0,0,0,1,0,0,0,1,0,0,0,0,0,0,0,0,0,0,0,1,1,0,1,0,1,1,0,0,0,0,0
ERR10802836,SAMEA112328317,PRJEB58695,Nigeria,West Africa,Ibadan,7.34872,3.87929,2021,2021,,Not stated,,,"SEQAFRICA, a regional initiative of the UK Fleming Fund engages in whole genome sequencing of bacteria of antimicrobial resistance importance to support surveillance in Africa.","Global Health Research Unit for the Genomic Surveillance of Antimicrobial Resistance, Ibadan",Acinetobacter baumannii,NZ_JMOD01000001.1,739/1000,0.00774383,1464,3772831,283,27842,39.0,2803,0,0,0,0,0,0,0,0,0,0,0,1,0,0,0,0,0,0,0,0,0,0,0,0,0,0,0,1,0,0,0,0,0,0,0,0,0,0,0,0,0,0,0,0,0,0,0,0,0,0,0,0,0,0,0,0,0,0,0,0,0,0,0,0,0,0,0,0,0,0,0,0,0,0,0,0,0,0,0,0,0,0,0,0,0,0,0,0,1,0,0,0,0,0,0,0,0,0,0,0,0,0,0,0,0,0,0,0,0,0,0,0,0,0,0,0,0,0,0,0,0,0,0,0,0,0,0,0,0,0,0,0,0,0,0,0,0,0,0,0
ERR10802837,SAMEA112328343,PRJEB58695,Nigeria,West Africa,Ibadan,7.34872,3.87929,2022,2022,,Not stated,,,"SEQAFRICA, a regional initiative of the UK Fleming Fund engages in whole genome sequencing of bacteria of antimicrobial resistance importance to support surveillance in Africa.","Global Health Research Unit for the Genomic Surveillance of Antimicrobial Resistance, Ibadan",Acinetobacter baumannii,NZ_JAAGSF010000001.1,909/1000,0.00232584,103,3907181,329,23184,38.9,514,0,0,0,0,0,0,0,0,0,0,0,1,0,0,0,0,1,0,0,0,0,0,0,0,0,0,0,0,0,0,0,0,0,0,0,0,0,1,0,0,0,0,0,0,0,0,0,0,0,0,0,0,0,0,0,0,0,0,0,0,0,0,0,0,0,0,0,0,0,0,1,0,0,0,0,0,0,0,0,0,0,1,0,0,0,0,0,0,0,0,0,0,0,0,0,0,0,1,0,0,0,0,0,0,0,0,0,0,0,0,0,0,1,0,0,0,0,0,0,0,0,0,0,0,0,0,0,0,0,0,0,0,0,0,0,1,0,0,0,0
ERR10805899,SAMEA112328384,PRJEB58695,Nigeria,West Africa,Ibadan,7.34872,3.87929,2021,2021,Blood,Human clinical,Human,,"SEQAFRICA, a regional initiative of the UK Fleming Fund engages in whole genome sequencing of bacteria of antimicrobial resistance importance to support surveillance in Africa.","Global Health Research Unit for the Genomic Surveillance of Antimicrobial Resistance, Ibadan",Acinetobacter baumannii,NZ_NGHR01000009.1,808/1000,0.00534606,,3652008,163,52211,39.0,2828,0,0,0,0,0,0,0,0,0,0,0,1,0,0,0,0,0,0,0,0,0,0,0,0,0,0,0,0,0,0,0,1,0,0,0,0,0,0,0,0,0,0,0,0,0,0,0,0,0,0,0,0,0,0,0,0,0,0,0,0,0,0,0,0,0,0,0,0,0,0,0,0,0,0,0,0,0,0,0,0,0,0,0,0,0,0,0,0,0,1,0,0,0,0,0,0,0,0,0,0,0,0,0,0,0,0,0,0,0,0,0,0,0,0,0,0,0,0,0,0,0,0,0,0,0,0,0,0,0,0,0,0,0,0,0,0,0,0,0,0
ERR10808103,SAMEA112328310,PRJEB58695,Nigeria,West Africa,Ibadan,7.34872,3.87929,2022,2022,Urine,Human clinical,Human,,"SEQAFRICA, a regional initiative of the UK Fleming Fund engages in whole genome sequencing of bacteria of antimicrobial resistance importance to support surveillance in Africa.","Global Health Research Unit for the Genomic Surveillance of Antimicrobial Resistance, Ibadan",Acinetobacter baumannii,NZ_CVLD01000001.1,932/1000,0.00170624,409,3912910,404,17207,39.0,2452,0,0,1,0,0,0,0,0,1,0,0,1,0,0,0,0,1,0,0,0,0,0,0,0,0,0,0,0,0,0,0,0,0,0,0,0,0,0,0,0,0,0,0,0,0,0,0,0,0,0,0,0,0,0,0,0,0,0,0,0,0,0,0,0,0,0,0,0,0,0,0,0,0,0,0,0,0,0,0,0,0,1,0,0,0,0,0,0,0,0,0,0,0,0,0,0,1,0,0,0,0,0,0,0,0,0,0,0,0,0,0,0,0,0,0,0,0,0,0,0,0,0,0,0,0,0,0,0,0,0,0,1,0,1,0,0,0,0,0,0
ERR10808115,SAMEA112328332,PRJEB58695,Nigeria,West Africa,Ibadan,7.34872,3.87929,2021,2021,Blood,Human clinical,Human,,"SEQAFRICA, a regional initiative of the UK Fleming Fund engages in whole genome sequencing of bacteria of antimicrobial resistance importance to support surveillance in Africa.","Global Health Research Unit for the Genomic Surveillance of Antimicrobial Resistance, Ibadan",Acinetobacter baumannii,NZ_JMOD01000001.1,713/1000,0.00873204,,3600835,236,26210,39.1,,0,0,0,0,0,0,0,0,0,0,0,1,0,0,0,0,0,0,0,0,0,0,0,0,0,0,0,1,0,0,0,0,0,0,0,0,0,0,0,0,0,0,0,0,0,0,0,0,0,0,0,0,0,0,0,0,0,0,0,0,0,0,0,0,0,0,0,0,0,0,0,0,0,0,0,0,0,0,0,0,1,0,0,0,0,0,0,0,0,0,0,0,0,0,0,0,0,0,0,0,0,0,0,0,0,0,0,0,0,0,0,0,0,0,0,0,0,0,0,0,0,0,0,0,0,0,0,0,0,0,0,0,0,0,1,0,0,0,0,0
ERR10808136,SAMEA112328410,PRJEB58695,Nigeria,West Africa,Ibadan,7.34872,3.87929,2022,2022,Blood,Human clinical,Human,,"SEQAFRICA, a regional initiative of the UK Fleming Fund engages in whole genome sequencing of bacteria of antimicrobial resistance importance to support surveillance in Africa.","Global Health Research Unit for the Genomic Surveillance of Antimicrobial Resistance, Ibadan",Acinetobacter baumannii,NZ_AFCZ02000003.1,947/1000,0.00131423,32,3902274,52,217523,39.0,472,0,0,0,0,0,0,0,0,0,0,0,1,0,0,0,0,0,0,0,0,0,0,0,0,0,0,0,0,0,0,0,0,0,0,0,0,0,0,0,0,0,0,0,0,0,0,0,0,0,0,0,0,0,0,0,0,0,1,0,0,0,0,0,0,0,0,0,0,0,0,0,0,1,0,0,0,0,0,0,0,0,0,0,0,0,0,0,0,0,0,0,0,0,0,0,0,0,0,0,0,0,0,0,0,0,0,0,0,0,0,0,0,0,0,0,0,0,0,0,0,0,0,0,0,0,0,0,0,0,0,0,0,0,0,0,0,0,0,0,0
ERR10809417,SAMEA112328333,PRJEB58695,Nigeria,West Africa,Ibadan,7.34872,3.87929,2022,2022,Urine,Human clinical,Human,,"SEQAFRICA, a regional initiative of the UK Fleming Fund engages in whole genome sequencing of bacteria of antimicrobial resistance importance to support surveillance in Africa.","Global Health Research Unit for the Genomic Surveillance of Antimicrobial Resistance, Ibadan",Acinetobacter baumannii,NZ_CVLD01000001.1,959/1000,0.0010072,409,3951168,78,118997,39.0,2452,0,0,1,0,0,0,0,0,1,0,0,1,0,0,0,0,1,0,0,0,0,0,0,0,0,0,0,0,0,0,0,0,0,0,0,0,0,0,0,0,0,0,0,0,0,0,0,0,0,0,0,0,0,0,0,0,1,0,0,0,0,0,0,0,0,0,0,0,0,0,0,0,0,0,0,0,0,0,0,0,0,1,0,0,0,0,0,0,0,0,0,0,0,0,0,0,1,0,0,0,0,0,0,0,0,0,0,0,0,0,0,0,0,0,0,0,0,0,0,0,0,0,0,0,0,0,0,0,0,0,0,1,0,1,0,0,0,0,0,0
ERR10809418,SAMEA112328351,PRJEB58695,Nigeria,West Africa,Ibadan,7.34872,3.87929,2021,2021,pleural aspirate,Human clinical,Human,,"SEQAFRICA, a regional initiative of the UK Fleming Fund engages in whole genome sequencing of bacteria of antimicrobial resistance importance to support surveillance in Africa.","Global Health Research Unit for the Genomic Surveillance of Antimicrobial Resistance, Ibadan",Acinetobacter baumannii,NZ_BKDD01000001.1,779/1000,0.00631659,1463,3605659,102,75445,39.1,2799,0,0,0,0,0,0,0,0,0,0,0,1,0,0,0,0,0,0,0,0,0,0,0,0,0,0,0,0,0,0,0,0,0,0,0,0,0,0,0,0,0,0,0,0,0,0,0,0,1,0,0,0,0,0,0,0,0,0,0,0,0,0,0,0,0,0,0,0,0,0,0,0,0,0,0,0,0,0,0,0,0,0,0,0,0,0,0,0,0,0,0,0,1,0,0,0,0,0,0,0,0,0,0,0,0,0,0,0,0,0,0,0,0,0,0,0,0,0,0,0,0,0,0,0,0,0,0,0,0,0,0,0,0,0,0,0,0,0,0,0
ERR10812834,SAMEA112328297,PRJEB58695,Nigeria,West Africa,Ibadan,7.34872,3.87929,2021,2021,Rectal swab,Human clinical,Human,,"SEQAFRICA, a regional initiative of the UK Fleming Fund engages in whole genome sequencing of bacteria of antimicrobial resistance importance to support surveillance in Africa.","Global Health Research Unit for the Genomic Surveillance of Antimicrobial Resistance, Ibadan",Acinetobacter baumannii,NZ_VNWQ01000001.1,762/1000,0.00691005,516,3686883,95,96790,39.0,2796,0,0,0,0,0,0,0,0,0,0,0,1,0,0,0,0,0,0,0,0,0,0,0,0,0,0,0,0,0,0,0,0,0,0,0,0,0,0,0,0,0,0,0,0,0,0,0,0,0,0,0,0,0,1,0,0,0,0,0,0,0,0,0,0,0,0,0,0,0,0,0,0,0,0,0,0,0,0,0,0,0,0,0,0,0,0,0,0,0,0,0,0,0,0,1,0,0,0,0,0,0,0,0,0,0,0,0,0,0,0,0,0,0,0,0,0,0,0,0,0,0,0,0,0,0,0,0,0,0,0,0,0,0,0,0,0,0,0,0,0
ERR10812835,SAMEA112328304,PRJEB58695,Nigeria,West Africa,Ibadan,7.34872,3.87929,2022,2022,Urine,Human clinical,Human,,"SEQAFRICA, a regional initiative of the UK Fleming Fund engages in whole genome sequencing of bacteria of antimicrobial resistance importance to support surveillance in Africa.","Global Health Research Unit for the Genomic Surveillance of Antimicrobial Resistance, Ibadan",Acinetobacter baumannii,NZ_CP021345.1,962/1000,0.000931334,,4135167,373,20435,39.0,,0,0,0,0,0,0,0,0,0,0,0,1,1,0,0,0,1,0,1,1,1,0,0,0,0,0,0,0,0,0,0,0,0,0,0,0,0,0,0,0,0,1,0,0,0,0,0,0,0,0,0,0,0,0,0,0,0,0,0,0,0,0,0,0,0,0,0,0,0,0,1,0,0,1,0,0,0,0,0,0,0,1,0,0,0,0,0,0,0,0,0,0,0,0,0,0,0,0,0,0,0,0,0,0,0,0,0,0,0,0,0,0,1,0,0,0,1,0,0,0,0,0,0,0,0,1,0,0,1,1,0,1,0,1,1,0,0,0,0,0
ERR10812836,SAMEA112328308,PRJEB58695,Nigeria,West Africa,Ibadan,7.34872,3.87929,2022,2022,Urine,Human clinical,Human,,"SEQAFRICA, a regional initiative of the UK Fleming Fund engages in whole genome sequencing of bacteria of antimicrobial resistance importance to support surveillance in Africa.","Global Health Research Unit for the Genomic Surveillance of Antimicrobial Resistance, Ibadan",Acinetobacter baumannii,NZ_CP021345.1,958/1000,0.00103256,149,4139635,334,20276,39.0,862,0,0,0,0,0,0,0,0,0,0,0,1,1,0,0,0,1,0,1,1,1,0,0,0,0,0,0,0,0,0,0,0,0,0,0,0,0,0,0,0,0,1,0,0,0,0,0,0,0,0,0,0,0,0,0,0,0,0,0,0,0,0,0,0,0,0,0,0,0,0,1,0,0,1,0,0,0,0,0,0,0,1,0,0,0,0,0,0,0,0,0,0,0,0,0,0,0,0,0,0,0,0,0,0,0,0,0,0,0,0,0,0,1,0,0,0,1,0,0,0,0,0,0,0,0,1,0,0,1,1,0,1,0,1,1,0,0,0,0,0
ERR10812837,SAMEA112328314,PRJEB58695,Nigeria,West Africa,Ibadan,7.34872,3.87929,2022,2022,Wound,Human clinical,Human,,"SEQAFRICA, a regional initiative of the UK Fleming Fund engages in whole genome sequencing of bacteria of antimicrobial resistance importance to support surveillance in Africa.","Global Health Research Unit for the Genomic Surveillance of Antimicrobial Resistance, Ibadan",Acinetobacter baumannii,NZ_KK211418.1,856/1000,0.00384578,10,3836454,261,27023,38.9,2151,0,0,0,0,0,0,0,0,0,0,1,1,0,0,0,0,0,0,0,0,0,0,1,0,0,0,0,0,0,0,0,0,0,0,0,0,0,0,0,0,0,0,0,0,0,0,0,0,0,0,0,0,0,0,0,0,0,0,0,0,0,0,0,0,0,0,0,0,0,0,0,1,0,0,0,0,0,0,0,0,0,1,0,0,0,0,0,0,0,0,0,0,0,0,0,0,0,0,0,0,0,0,0,0,0,0,0,0,0,0,0,0,0,0,0,0,0,0,0,0,0,0,0,0,0,0,0,0,0,0,0,0,0,0,0,0,0,0,0,0
ERR10812838,SAMEA112328315,PRJEB58695,Nigeria,West Africa,Ibadan,7.34872,3.87929,2022,2022,Wound,Human clinical,Human,,"SEQAFRICA, a regional initiative of the UK Fleming Fund engages in whole genome sequencing of bacteria of antimicrobial resistance importance to support surveillance in Africa.","Global Health Research Unit for the Genomic Surveillance of Antimicrobial Resistance, Ibadan",Acinetobacter baumannii,NZ_CP018677.1,865/1000,0.00357808,10,3877475,216,40095,38.9,2151,0,0,0,0,0,0,0,0,0,0,1,1,0,0,0,0,0,0,0,0,0,0,1,0,0,0,0,0,0,0,0,0,0,0,0,0,0,0,0,0,0,0,0,0,0,0,0,0,0,0,0,0,0,0,0,0,0,0,0,0,0,0,0,0,0,0,0,0,0,0,0,0,0,0,0,0,0,0,0,0,0,1,0,0,0,0,0,0,0,0,0,0,0,0,0,1,0,0,0,0,0,0,0,0,0,0,0,0,0,0,0,0,0,0,0,0,0,0,0,0,0,0,0,0,0,0,0,0,0,0,0,0,0,0,0,0,0,0,0,0
ERR10812839,SAMEA112328323,PRJEB58695,Nigeria,West Africa,Ibadan,7.34872,3.87929,2021,2021,Rectal swab,Human clinical,Human,,"SEQAFRICA, a regional initiative of the UK Fleming Fund engages in whole genome sequencing of bacteria of antimicrobial resistance importance to support surveillance in Africa.","Global Health Research Unit for the Genomic Surveillance of Antimicrobial Resistance, Ibadan",Acinetobacter baumannii,NZ_WWCH01000001.1,916/1000,0.00213483,126,4255107,300,24014,38.9,2089,0,0,0,0,0,0,0,0,0,0,1,1,0,1,0,0,0,0,0,0,0,0,0,0,0,0,0,0,0,0,0,0,0,0,0,0,0,0,0,0,0,0,0,0,0,0,0,0,0,0,1,0,0,0,0,0,0,0,0,0,0,0,0,0,0,0,0,0,0,0,1,0,0,0,0,0,0,0,0,0,0,0,0,0,0,0,0,0,0,0,0,1,0,0,0,0,0,0,0,0,0,0,0,0,0,0,0,0,0,0,0,0,1,0,0,0,0,0,0,0,0,0,0,0,1,0,0,0,1,1,0,0,0,0,0,1,0,0,0,0
ERR10812840,SAMEA112328328,PRJEB58695,Nigeria,West Africa,Ibadan,7.34872,3.87929,2021,2021,Rectal swab,Human clinical,Human,,"SEQAFRICA, a regional initiative of the UK Fleming Fund engages in whole genome sequencing of bacteria of antimicrobial resistance importance to support surveillance in Africa.","Global Health Research Unit for the Genomic Surveillance of Antimicrobial Resistance, Ibadan",Acinetobacter baumannii,NZ_UFIQ01000049.1,894/1000,0.00274254,164,3895884,305,23052,38.8,1418,0,0,0,0,0,0,0,0,0,0,1,1,0,0,0,0,0,0,0,0,0,0,0,0,0,0,0,0,0,0,0,0,0,0,0,0,0,0,0,0,0,0,0,0,0,0,0,0,0,0,0,1,0,0,0,0,0,0,0,0,0,0,0,0,0,0,0,0,0,0,0,0,0,0,0,0,0,0,0,0,0,0,0,0,0,0,0,0,0,0,0,0,0,0,0,0,0,0,0,0,0,0,0,1,0,0,0,0,0,1,0,0,0,0,0,0,0,0,0,0,0,0,0,0,0,0,0,0,0,0,0,0,0,0,0,0,0,0,0,0
ERR10812841,SAMEA112328331,PRJEB58695,Nigeria,West Africa,Ibadan,7.34872,3.87929,2021,2021,Rectal swab,Human clinical,Human,,"SEQAFRICA, a regional initiative of the UK Fleming Fund engages in whole genome sequencing of bacteria of antimicrobial resistance importance to support surveillance in Africa.","Global Health Research Unit for the Genomic Surveillance of Antimicrobial Resistance, Ibadan",Acinetobacter baumannii,NZ_UFJT01000029.1,491/1000,0.0198862,,3929345,38,223046,38.8,2834,1,0,0,0,0,0,0,0,0,0,0,1,1,0,0,0,0,0,1,0,0,0,1,0,0,0,0,0,0,0,0,0,0,0,0,0,0,0,0,0,0,0,0,0,0,0,0,0,0,0,0,0,0,0,0,0,0,0,0,0,0,0,0,0,0,0,0,0,0,0,1,1,0,0,0,0,0,0,0,0,0,0,0,0,0,0,0,0,0,0,1,0,0,0,0,0,0,0,0,0,0,0,0,0,0,0,0,0,0,0,0,0,1,0,0,0,0,0,0,0,0,0,0,0,1,0,0,0,0,0,0,0,0,0,1,1,0,0,0,0
ERR10812867,SAMEA112328339,PRJEB58695,Nigeria,West Africa,Ibadan,7.34872,3.87929,2022,2022,Wound,Human clinical,Human,,"SEQAFRICA, a regional initiative of the UK Fleming Fund engages in whole genome sequencing of bacteria of antimicrobial resistance importance to support surveillance in Africa.","Global Health Research Unit for the Genomic Surveillance of Antimicrobial Resistance, Ibadan",Acinetobacter baumannii,NZ_AFCZ02000003.1,935/1000,0.00162709,32,3915081,58,286426,39.0,472,1,0,0,0,0,0,0,0,0,0,1,1,1,1,0,1,0,0,1,0,0,0,0,0,0,0,0,0,0,0,0,0,0,0,0,0,0,0,0,0,0,0,0,0,0,0,0,0,0,0,0,0,0,0,0,0,0,1,0,0,0,0,0,0,0,0,0,0,0,0,1,0,1,0,0,0,0,0,0,0,0,0,0,0,0,0,0,0,0,0,1,0,0,0,0,0,0,0,0,0,0,0,0,0,0,0,0,0,0,0,0,0,1,0,0,0,0,0,1,0,0,0,0,0,0,0,0,0,1,1,0,0,0,0,1,0,0,0,0,0
ERR10812868,SAMEA112328349,PRJEB58695,Nigeria,West Africa,Ibadan,7.34872,3.87929,2022,2022,Wound,Human clinical,Human,,"SEQAFRICA, a regional initiative of the UK Fleming Fund engages in whole genome sequencing of bacteria of antimicrobial resistance importance to support surveillance in Africa.","Global Health Research Unit for the Genomic Surveillance of Antimicrobial Resistance, Ibadan",Acinetobacter baumannii,NZ_QCXT01000001.1,556/1000,0.015998,2215,3703157,119,66082,39.0,2798,0,0,0,0,0,0,0,0,0,0,0,1,0,0,0,0,0,0,0,0,0,0,0,0,0,0,0,0,0,0,0,0,0,0,0,0,0,0,0,0,0,0,0,0,0,0,0,0,0,0,0,0,0,0,0,0,0,0,0,0,0,0,1,0,0,0,0,0,0,0,0,1,0,0,0,0,0,0,0,0,0,0,0,0,0,0,0,0,0,0,0,0,0,0,0,0,0,0,0,0,0,0,0,0,0,0,0,0,0,0,0,0,0,0,0,0,0,0,0,0,0,0,0,0,0,1,0,0,0,0,0,0,0,0,1,0,0,0,0,0
ERR10812869,SAMEA112328358,PRJEB58695,Nigeria,West Africa,Ibadan,7.34872,3.87929,2021,2021,Rectal swab,Human clinical,Human,,"SEQAFRICA, a regional initiative of the UK Fleming Fund engages in whole genome sequencing of bacteria of antimicrobial resistance importance to support surveillance in Africa.","Global Health Research Unit for the Genomic Surveillance of Antimicrobial Resistance, Ibadan",Acinetobacter baumannii,NZ_NGCF01000068.1,786/1000,0.00607761,,3694300,116,70809,39.0,,0,0,0,0,0,0,0,0,0,0,0,1,0,0,0,0,0,0,0,0,0,0,0,0,0,0,0,0,0,0,0,0,0,0,0,0,0,0,1,0,0,0,0,0,0,0,0,0,0,0,0,0,0,0,0,0,0,0,0,0,0,0,0,0,0,0,0,0,0,0,0,1,0,0,0,0,0,0,0,0,0,0,0,0,0,0,0,0,0,0,0,0,0,0,0,0,0,0,0,0,0,0,0,0,0,0,0,0,0,0,0,0,0,0,0,0,0,0,0,0,0,0,0,0,0,0,0,0,0,0,0,0,0,0,0,0,0,0,0,0
ERR10812870,SAMEA112328361,PRJEB58695,Nigeria,West Africa,Ibadan,7.34872,3.87929,2021,2021,Rectal swab,Human clinical,Human,,"SEQAFRICA, a regional initiative of the UK Fleming Fund engages in whole genome sequencing of bacteria of antimicrobial resistance importance to support surveillance in Africa.","Global Health Research Unit for the Genomic Surveillance of Antimicrobial Resistance, Ibadan",Acinetobacter baumannii,NZ_NGHR01000009.1,809/1000,0.00531349,,3647387,153,53980,39.0,2828,0,0,0,0,0,0,0,0,0,0,0,1,0,0,0,0,0,0,0,0,0,0,0,0,0,0,0,0,0,0,0,1,0,0,0,0,0,0,0,0,0,0,0,0,0,0,0,0,0,0,0,0,0,0,0,0,0,0,0,0,0,0,0,0,0,0,0,0,0,0,0,0,0,0,0,0,0,0,0,0,0,0,0,0,0,0,0,0,0,1,0,0,0,0,0,0,0,0,0,0,0,0,0,0,0,0,0,0,0,0,0,0,0,0,0,0,0,0,0,0,0,0,0,0,0,0,0,0,0,0,0,0,0,0,0,0,0,0,0,0
ERR10812871,SAMEA112328385,PRJEB58695,Nigeria,West Africa,Ibadan,7.34872,3.87929,2021,2021,Rectal swab,Human clinical,Human,,"SEQAFRICA, a regional initiative of the UK Fleming Fund engages in whole genome sequencing of bacteria of antimicrobial resistance importance to support surveillance in Africa.","Global Health Research Unit for the Genomic Surveillance of Antimicrobial Resistance, Ibadan",Acinetobacter baumannii,NZ_NIWP01000085.1,889/1000,0.00288374,821,4023913,48,207754,39.0,2831,0,0,0,0,0,0,0,0,0,0,0,1,0,0,0,0,0,0,0,0,0,0,1,0,0,0,0,0,0,0,0,0,0,0,0,0,0,0,0,0,0,0,0,0,0,0,0,0,0,0,0,0,0,0,0,0,0,0,0,0,0,0,0,0,0,0,0,0,0,0,0,0,0,0,0,0,0,0,0,0,0,0,0,0,1,0,0,0,0,0,0,0,0,0,0,0,0,0,0,0,0,0,0,0,0,0,0,0,0,0,0,0,0,0,0,0,0,0,0,0,0,0,0,0,0,0,0,0,0,0,0,0,0,0,0,0,0,0,0,0
ERR10812872,SAMEA112328412,PRJEB58695,Nigeria,West Africa,Ibadan,7.34872,3.87929,2021,2021,,Not stated,,,"SEQAFRICA, a regional initiative of the UK Fleming Fund engages in whole genome sequencing of bacteria of antimicrobial resistance importance to support surveillance in Africa.","Global Health Research Unit for the Genomic Surveillance of Antimicrobial Resistance, Ibadan",Acinetobacter baumannii,NZ_MSPL01000001.1,532/1000,0.017359,2177,3989991,264,31977,38.8,2827,0,0,0,0,0,0,0,0,0,0,0,1,0,0,0,0,0,0,0,0,0,0,1,0,0,0,0,0,0,0,0,0,0,0,0,0,0,0,0,0,0,0,0,0,0,0,0,0,0,0,0,0,0,0,0,0,0,0,0,0,0,0,0,0,0,0,0,0,0,0,0,0,0,0,1,0,0,0,0,0,0,0,0,0,0,0,0,0,0,0,0,0,0,0,0,0,0,0,0,0,0,0,0,0,0,0,0,0,0,0,0,0,0,0,0,0,0,0,0,0,0,0,0,0,0,1,0,0,0,0,0,0,0,0,0,0,0,0,0,0
ERR10812873,SAMEA112328415,PRJEB58695,Nigeria,West Africa,Ibadan,7.34872,3.87929,2021,2021,Rectal swab,Human clinical,Human,,"SEQAFRICA, a regional initiative of the UK Fleming Fund engages in whole genome sequencing of bacteria of antimicrobial resistance importance to support surveillance in Africa.","Global Health Research Unit for the Genomic Surveillance of Antimicrobial Resistance, Ibadan",Acinetobacter baumannii,NZ_ANND01000001.1,559/1000,0.0158335,,3798290,323,19803,39.2,,0,0,0,0,0,0,0,0,0,0,0,1,0,0,0,0,0,0,0,0,0,0,0,0,0,0,0,0,0,0,0,0,0,0,0,0,0,0,0,0,0,0,0,0,0,0,0,0,0,0,0,0,0,0,0,0,0,0,0,0,0,0,1,0,0,0,0,0,0,0,0,0,0,0,0,0,0,0,0,0,0,0,0,0,0,0,0,0,0,0,0,0,0,0,0,0,0,0,0,0,0,0,0,0,0,0,0,0,0,0,0,0,0,0,0,0,0,0,0,0,0,0,0,0,0,1,0,0,0,0,0,0,0,0,1,0,0,0,0,0
ERR10820997,SAMEA112328306,PRJEB58695,Nigeria,West Africa,Ibadan,7.34872,3.87929,2022,2022,Wound,Human clinical,Human,,"SEQAFRICA, a regional initiative of the UK Fleming Fund engages in whole genome sequencing of bacteria of antimicrobial resistance importance to support surveillance in Africa.","Global Health Research Unit for the Genomic Surveillance of Antimicrobial Resistance, Ibadan",Acinetobacter baumannii,NZ_AFCZ02000003.1,931/1000,0.00173271,32,3929795,238,30577,39.0,472,1,0,0,0,0,0,0,0,0,0,1,1,1,1,0,1,0,0,1,0,0,0,1,0,0,0,0,0,0,0,0,0,0,0,0,0,0,0,0,0,0,0,0,0,0,0,0,0,0,0,0,0,0,0,0,0,0,0,0,0,0,0,0,0,0,0,0,0,0,0,1,0,1,0,0,0,0,0,0,0,0,0,0,0,0,0,0,0,0,0,1,0,0,0,0,0,0,0,0,0,0,0,0,0,0,0,0,0,0,0,0,0,1,0,0,0,0,0,1,0,0,0,0,0,0,0,0,0,1,1,0,0,0,0,1,1,0,0,0,0
ERR10852925,SAMEA112328299,PRJEB58695,Nigeria,West Africa,Ibadan,7.34872,3.87929,2021,2021,Rectal swab,Human clinical,Human,,"SEQAFRICA, a regional initiative of the UK Fleming Fund engages in whole genome sequencing of bacteria of antimicrobial resistance importance to support surveillance in Africa.","Global Health Research Unit for the Genomic Surveillance of Antimicrobial Resistance, Ibadan",Acinetobacter baumannii,NZ_RHYF01000100.1,567/1000,0.0154006,,3435936,173,47598,38.9,,0,0,0,0,0,0,0,0,0,0,0,1,0,0,0,0,0,0,0,0,0,0,1,0,0,0,0,0,0,0,0,0,0,0,0,0,0,0,0,0,0,0,0,0,0,0,0,0,0,0,0,0,0,0,0,0,0,0,0,0,0,0,0,0,0,0,0,0,0,0,0,0,0,0,0,0,0,0,0,0,0,0,0,0,0,0,0,0,0,0,0,1,0,0,0,0,0,0,0,0,0,0,0,0,0,0,0,0,0,0,0,0,0,0,0,0,0,0,0,0,0,0,0,0,0,0,0,0,0,0,0,0,0,0,0,0,0,0,0,0
ERR10852926,SAMEA112328300,PRJEB58695,Nigeria,West Africa,Ibadan,7.34872,3.87929,2021,2021,Rectal swab,Human clinical,Human,,"SEQAFRICA, a regional initiative of the UK Fleming Fund engages in whole genome sequencing of bacteria of antimicrobial resistance importance to support surveillance in Africa.","Global Health Research Unit for the Genomic Surveillance of Antimicrobial Resistance, Ibadan",Acinetobacter baumannii,NZ_UFJT01000029.1,491/1000,0.0198862,,3927358,70,115497,38.8,2834,1,0,0,0,0,0,0,0,0,0,0,1,1,0,0,0,0,0,1,0,0,0,1,0,0,0,0,0,0,0,0,0,0,0,0,0,0,0,0,0,0,0,0,0,0,0,0,0,0,0,0,0,0,0,0,0,0,0,0,0,0,0,0,0,0,0,0,0,0,0,1,1,0,0,0,0,0,0,0,0,0,0,0,0,0,0,0,0,0,0,1,0,0,0,0,0,0,0,0,0,0,0,0,0,0,0,0,0,0,0,0,0,1,0,0,0,0,0,0,0,0,0,0,0,1,0,0,0,0,0,0,0,0,0,1,1,0,0,0,0
ERR10852929,SAMEA112328302,PRJEB58695,Nigeria,West Africa,Ibadan,7.34872,3.87929,2022,2022,,Not stated,,,"SEQAFRICA, a regional initiative of the UK Fleming Fund engages in whole genome sequencing of bacteria of antimicrobial resistance importance to support surveillance in Africa.","Global Health Research Unit for the Genomic Surveillance of Antimicrobial Resistance, Ibadan",Acinetobacter baumannii,NZ_AVST01000001.1,893/1000,0.00277069,221,4001121,27,461870,38.8,351,0,0,0,0,0,0,0,0,0,0,0,1,0,0,0,0,0,0,0,0,0,0,0,0,0,0,0,0,0,0,0,0,0,0,0,0,0,0,0,1,0,0,0,0,0,0,0,0,0,0,0,0,0,0,0,0,0,0,0,0,0,0,0,0,0,0,0,0,0,0,0,0,0,0,0,0,0,0,0,0,0,0,0,0,0,0,0,0,0,0,0,0,1,0,0,0,0,0,0,0,0,0,0,0,0,0,0,0,0,0,0,0,0,0,0,0,0,0,0,0,0,0,0,0,0,1,0,0,0,0,0,0,0,0,0,0,0,0,0,0
ERR10852931,SAMEA112328313,PRJEB58695,Nigeria,West Africa,Ibadan,7.34872,3.87929,2022,2022,,Not stated,,,"SEQAFRICA, a regional initiative of the UK Fleming Fund engages in whole genome sequencing of bacteria of antimicrobial resistance importance to support surveillance in Africa.","Global Health Research Unit for the Genomic Surveillance of Antimicrobial Resistance, Ibadan",Acinetobacter baumannii,NZ_KK211418.1,849/1000,0.00405685,10,3984560,283,86793,38.7,2151,0,0,0,0,0,0,0,0,0,0,1,1,0,0,0,0,0,0,0,0,0,0,1,0,0,0,0,0,0,0,0,0,0,0,0,0,0,0,0,0,0,0,0,0,0,0,0,0,0,0,0,0,0,0,0,0,0,0,0,0,0,0,0,0,0,0,0,0,0,0,0,0,0,0,0,0,0,0,0,0,0,1,0,0,0,0,0,0,0,0,0,0,0,0,0,1,0,0,0,0,0,0,0,0,0,0,0,0,0,0,0,0,0,0,0,0,0,0,0,0,0,0,0,0,0,0,0,1,0,0,0,0,0,0,0,0,0,0,0,0
ERR10852932,SAMEA112328320,PRJEB58695,Nigeria,West Africa,Ibadan,7.34872,3.87929,2021,2021,Rectal swab,Human clinical,Human,,"SEQAFRICA, a regional initiative of the UK Fleming Fund engages in whole genome sequencing of bacteria of antimicrobial resistance importance to support surveillance in Africa.","Global Health Research Unit for the Genomic Surveillance of Antimicrobial Resistance, Ibadan",Acinetobacter baumannii,NZ_NGDS01000139.1,732/1000,0.00800497,1464,3639048,214,37428,38.9,,0,0,0,0,0,0,0,0,0,0,0,1,0,0,0,0,0,0,0,0,0,0,0,0,0,0,0,1,0,0,0,0,0,0,0,0,0,0,0,0,0,0,0,0,0,0,0,0,0,0,0,0,0,0,0,0,0,0,0,0,0,0,0,0,0,0,0,0,0,0,0,0,0,0,0,0,0,0,0,0,0,0,0,0,0,0,0,0,0,0,0,0,0,0,0,0,0,0,0,0,1,0,0,0,0,0,0,0,0,0,0,0,0,0,0,0,0,0,0,0,0,0,0,0,0,0,0,0,0,0,0,0,0,0,0,0,0,0,0,0
ERR10852933,SAMEA112328324,PRJEB58695,Nigeria,West Africa,Ibadan,7.34872,3.87929,2021,2021,,Not stated,,,"SEQAFRICA, a regional initiative of the UK Fleming Fund engages in whole genome sequencing of bacteria of antimicrobial resistance importance to support surveillance in Africa.","Global Health Research Unit for the Genomic Surveillance of Antimicrobial Resistance, Ibadan",Acinetobacter baumannii,NZ_NXGU01000001.1,976/1000,0.00058191,1,3941056,150,47736,39.1,231,0,0,1,0,0,0,0,0,1,0,0,1,1,1,0,0,0,0,1,0,0,0,0,0,0,0,0,0,0,0,0,0,0,0,0,1,0,0,0,0,0,0,0,0,0,0,0,0,0,0,0,0,0,0,0,0,0,0,0,0,0,0,0,0,0,0,0,0,0,0,1,0,0,0,0,0,0,0,0,0,0,1,0,0,0,0,0,0,0,0,0,0,0,0,0,0,1,0,0,0,0,0,0,0,0,0,0,0,0,0,0,0,1,0,0,0,0,1,0,0,0,0,0,0,0,0,0,0,0,0,0,1,1,1,1,0,0,1,0,0
ERR10852935,SAMEA112328329,PRJEB58695,Nigeria,West Africa,Ibadan,7.34872,3.87929,2021,2021,,Not stated,,,"SEQAFRICA, a regional initiative of the UK Fleming Fund engages in whole genome sequencing of bacteria of antimicrobial resistance importance to support surveillance in Africa.","Global Health Research Unit for the Genomic Surveillance of Antimicrobial Resistance, Ibadan",Acinetobacter baumannii,NZ_MSPL01000001.1,533/1000,0.0173006,2177,3977028,30,275554,38.8,2827,0,0,0,0,0,0,0,0,0,0,0,1,0,0,0,0,0,0,0,0,0,0,1,0,0,0,0,0,0,0,0,0,0,0,0,0,0,0,0,0,0,0,0,0,0,0,0,0,0,0,0,0,0,0,0,0,0,0,0,0,0,0,0,0,0,0,0,0,0,0,0,0,0,0,1,0,0,0,0,0,0,0,0,0,0,0,0,0,0,0,0,0,0,0,0,0,0,0,0,0,0,0,0,0,0,0,0,0,0,0,0,0,0,0,0,0,0,0,0,0,0,0,0,0,0,1,0,0,0,0,0,0,0,0,0,0,0,0,0,0
ERR10852936,SAMEA112328334,PRJEB58695,Nigeria,West Africa,Ibadan,7.34872,3.87929,2022,2022,,Not stated,,,"SEQAFRICA, a regional initiative of the UK Fleming Fund engages in whole genome sequencing of bacteria of antimicrobial resistance importance to support surveillance in Africa.","Global Health Research Unit for the Genomic Surveillance of Antimicrobial Resistance, Ibadan",Acinetobacter baumannii,NZ_CP021345.1,948/1000,0.00128842,149,4205399,57,179154,38.9,862,0,0,0,0,0,0,0,0,0,0,0,1,1,0,0,0,1,0,1,1,1,0,0,0,0,0,0,0,0,0,0,0,0,0,0,0,0,0,0,0,0,1,0,0,0,0,0,0,0,0,0,0,0,0,0,0,0,0,0,0,0,0,0,0,0,0,0,0,0,0,1,0,0,1,0,0,0,0,0,0,0,1,0,0,0,0,0,0,0,0,0,0,0,0,0,0,0,0,0,0,0,0,0,0,0,0,0,0,0,0,0,0,1,0,0,0,1,0,0,0,0,0,0,0,0,1,0,0,1,1,0,1,0,1,1,0,0,0,0,0
ERR10852938,SAMEA112328336,PRJEB58695,Nigeria,West Africa,Ibadan,7.34872,3.87929,2022,2022,,Not stated,,,"SEQAFRICA, a regional initiative of the UK Fleming Fund engages in whole genome sequencing of bacteria of antimicrobial resistance importance to support surveillance in Africa.","Global Health Research Unit for the Genomic Surveillance of Antimicrobial Resistance, Ibadan",Acinetobacter baumannii,NZ_KK211418.1,842/1000,0.00427048,10,3979903,265,84355,38.7,2151,0,0,0,0,0,0,0,0,0,0,1,1,0,0,0,0,0,0,0,0,0,0,1,0,0,0,0,0,0,0,0,0,0,0,0,0,0,0,0,0,0,0,0,0,0,0,0,0,0,0,0,0,0,0,0,0,0,0,0,0,0,0,0,0,0,0,0,0,0,0,0,0,0,0,0,0,0,0,0,0,0,1,0,0,0,0,0,0,0,0,0,0,0,0,0,1,0,0,0,0,0,0,0,0,0,0,0,0,0,0,0,0,0,0,0,0,0,0,0,0,0,0,0,0,0,0,0,1,0,0,0,0,0,0,0,0,0,0,0,0
ERR10852993,SAMEA112328337,PRJEB58695,Nigeria,West Africa,Ibadan,7.34872,3.87929,2022,2022,,Not stated,,,"SEQAFRICA, a regional initiative of the UK Fleming Fund engages in whole genome sequencing of bacteria of antimicrobial resistance importance to support surveillance in Africa.","Global Health Research Unit for the Genomic Surveillance of Antimicrobial Resistance, Ibadan",Acinetobacter baumannii,NZ_KK211418.1,863/1000,0.00363721,10,3891572,119,86793,38.9,2151,0,0,0,0,0,0,0,0,0,0,1,1,0,0,0,0,0,0,0,0,0,0,1,0,0,0,0,0,0,0,0,0,0,0,0,0,0,0,0,0,0,0,0,0,0,0,0,0,0,0,0,0,0,0,0,1,0,0,0,0,0,0,0,0,0,0,0,0,0,0,0,0,0,0,0,0,0,0,0,0,0,1,0,0,0,0,0,0,0,0,0,0,0,0,0,1,0,0,0,0,0,0,0,0,0,0,0,0,0,0,0,0,0,0,0,0,0,0,0,0,0,0,0,0,0,0,0,1,0,0,0,0,0,0,0,0,0,0,0,0
ERR10852995,SAMEA112328344,PRJEB58695,Nigeria,West Africa,Ibadan,7.34872,3.87929,2022,2022,,Not stated,,,"SEQAFRICA, a regional initiative of the UK Fleming Fund engages in whole genome sequencing of bacteria of antimicrobial resistance importance to support surveillance in Africa.","Global Health Research Unit for the Genomic Surveillance of Antimicrobial Resistance, Ibadan",Acinetobacter baumannii,NZ_CVLD01000001.1,960/1000,0.000981871,409,3944809,82,118080,39.0,2452,0,0,1,0,0,0,0,0,1,0,0,1,0,0,0,0,1,0,0,0,0,0,0,0,0,0,0,0,0,0,0,0,0,0,0,0,0,0,0,0,0,0,0,0,0,0,0,0,0,0,0,0,0,0,0,0,1,0,0,0,0,0,0,0,0,0,0,0,0,0,0,0,0,0,0,0,0,0,0,0,0,1,0,0,0,0,0,0,0,0,0,0,0,0,0,0,1,0,0,0,0,0,0,0,0,0,0,0,0,0,0,0,0,0,0,0,0,0,0,0,0,0,0,0,0,0,0,0,0,0,0,1,0,1,0,0,0,0,0,0
ERR10852996,SAMEA112328352,PRJEB58695,Nigeria,West Africa,Ibadan,7.34872,3.87929,2021,2021,Rectal swab,Human clinical,Human,,"SEQAFRICA, a regional initiative of the UK Fleming Fund engages in whole genome sequencing of bacteria of antimicrobial resistance importance to support surveillance in Africa.","Global Health Research Unit for the Genomic Surveillance of Antimicrobial Resistance, Ibadan",Acinetobacter baumannii,NZ_JMOD01000001.1,725/1000,0.00826969,2029,3810400,138,59579,38.8,2800,0,0,0,0,0,0,0,0,0,0,0,1,0,0,0,0,0,0,0,0,0,0,0,0,0,0,0,1,0,0,0,0,0,0,0,0,0,0,0,0,0,0,0,0,0,0,0,0,0,0,0,0,0,0,0,0,0,0,0,0,0,0,0,0,0,0,0,0,0,0,0,0,0,0,0,1,0,0,0,0,0,0,0,0,0,0,0,0,0,0,0,0,0,0,0,0,0,0,0,0,0,0,0,0,0,0,0,0,0,0,0,0,0,0,0,0,0,0,0,0,0,0,0,0,0,0,0,0,0,0,0,0,0,0,0,0,0,0,0,0
ERR10853648,SAMEA112328353,PRJEB58695,Nigeria,West Africa,Ibadan,7.34872,3.87929,2021,2021,Rectal swab,Human clinical,Human,,"SEQAFRICA, a regional initiative of the UK Fleming Fund engages in whole genome sequencing of bacteria of antimicrobial resistance importance to support surveillance in Africa.","Global Health Research Unit for the Genomic Surveillance of Antimicrobial Resistance, Ibadan",Acinetobacter baumannii,NZ_JAAGTI010000001.1,732/1000,0.00800497,2199,3777516,94,111443,38.8,2801,0,0,0,0,0,0,0,0,0,0,0,1,0,0,0,0,0,0,0,0,0,0,0,0,0,0,0,0,0,0,0,0,0,0,0,0,0,0,0,0,0,0,1,0,0,0,0,0,0,0,0,0,0,0,0,0,0,0,0,0,0,0,0,0,0,0,0,0,0,0,0,0,0,0,0,0,0,0,0,0,0,0,0,1,0,0,0,0,0,0,0,0,0,0,0,0,0,0,0,0,0,0,0,0,0,0,0,0,0,0,0,0,0,0,0,0,0,0,0,0,0,0,0,0,0,0,0,0,0,0,0,0,0,0,0,0,0,0,0,0
ERR10854234,SAMEA112328355,PRJEB58695,Nigeria,West Africa,Ibadan,7.34872,3.87929,2021,2021,Rectal swab,Human clinical,Human,,"SEQAFRICA, a regional initiative of the UK Fleming Fund engages in whole genome sequencing of bacteria of antimicrobial resistance importance to support surveillance in Africa.","Global Health Research Unit for the Genomic Surveillance of Antimicrobial Resistance, Ibadan",Acinetobacter baumannii,NZ_JMOD01000001.1,788/1000,0.00600989,1828,3810068,124,66561,38.9,2479,0,0,0,0,0,0,0,0,0,0,0,1,0,0,0,0,0,0,0,0,0,0,0,0,0,0,0,1,0,0,0,0,0,0,0,0,0,0,0,0,0,0,0,0,0,0,0,0,0,0,0,0,0,0,0,0,0,0,0,0,0,0,0,0,0,0,0,0,0,0,0,0,0,0,0,0,0,0,0,0,0,0,0,0,0,0,0,0,1,0,0,0,0,0,0,0,0,0,0,0,0,0,0,0,0,0,0,0,0,0,0,0,0,0,0,0,0,0,0,0,0,0,0,0,0,0,0,0,0,0,0,0,0,0,0,0,0,0,0,0
ERR10854472,SAMEA112328356,PRJEB58695,Nigeria,West Africa,Ibadan,7.34872,3.87929,2021,2021,Rectal swab,Human clinical,Human,,"SEQAFRICA, a regional initiative of the UK Fleming Fund engages in whole genome sequencing of bacteria of antimicrobial resistance importance to support surveillance in Africa.","Global Health Research Unit for the Genomic Surveillance of Antimicrobial Resistance, Ibadan",Acinetobacter baumannii,NZ_NGHR01000009.1,804/1000,0.00547692,,3651399,170,49883,39.0,2828,0,0,0,0,0,0,0,0,0,0,0,1,0,0,0,0,0,0,0,0,0,0,0,0,0,0,0,0,0,0,0,1,0,0,0,0,0,0,0,0,0,0,0,0,0,0,0,0,0,0,0,0,0,0,0,0,0,0,0,0,0,0,0,0,0,0,0,0,0,0,0,0,0,0,0,0,0,0,0,0,0,0,0,0,0,0,0,0,0,1,0,0,0,0,0,0,0,0,0,0,0,0,0,0,0,0,0,0,0,0,0,0,0,0,0,0,0,0,0,0,0,0,0,0,0,0,0,0,0,0,0,0,0,0,0,0,0,0,0,0
ERR10854473,SAMEA112328357,PRJEB58695,Nigeria,West Africa,Ibadan,7.34872,3.87929,2021,2021,Rectal swab,Human clinical,Human,,"SEQAFRICA, a regional initiative of the UK Fleming Fund engages in whole genome sequencing of bacteria of antimicrobial resistance importance to support surveillance in Africa.","Global Health Research Unit for the Genomic Surveillance of Antimicrobial Resistance, Ibadan",Acinetobacter baumannii,NZ_NGHR01000009.1,804/1000,0.00547692,,3652956,169,50832,39.0,2828,0,0,0,0,0,0,0,0,0,0,0,1,0,0,0,0,0,0,0,0,0,0,0,0,0,0,0,0,0,0,0,1,0,0,0,0,0,0,0,0,0,0,0,0,0,0,0,0,0,0,0,0,0,0,0,0,0,0,0,0,0,0,0,0,0,0,0,0,0,0,0,0,0,0,0,0,0,0,0,0,0,0,0,0,0,0,0,0,0,1,0,0,0,0,0,0,0,0,0,0,0,0,0,0,0,0,0,0,0,0,0,0,0,0,0,0,0,0,0,0,0,0,0,0,0,0,0,0,0,0,0,0,0,0,0,0,0,0,0,0
ERR10854474,SAMEA112328359,PRJEB58695,Nigeria,West Africa,Ibadan,7.34872,3.87929,2021,2021,Rectal swab,Human clinical,Human,,"SEQAFRICA, a regional initiative of the UK Fleming Fund engages in whole genome sequencing of bacteria of antimicrobial resistance importance to support surveillance in Africa.","Global Health Research Unit for the Genomic Surveillance of Antimicrobial Resistance, Ibadan",Acinetobacter baumannii,NZ_NGHR01000009.1,808/1000,0.00534606,,3652674,161,53058,39.0,2828,0,0,0,0,0,0,0,0,0,0,0,1,0,0,0,0,0,0,0,0,0,0,0,0,0,0,0,0,0,0,0,1,0,0,0,0,0,0,0,0,0,0,0,0,0,0,0,0,0,0,0,0,0,0,0,0,0,0,0,0,0,0,0,0,0,0,0,0,0,0,0,0,0,0,0,0,0,0,0,0,0,0,0,0,0,0,0,0,0,1,0,0,0,0,0,0,0,0,0,0,0,0,0,0,0,0,0,0,0,0,0,0,0,0,0,0,0,0,0,0,0,0,0,0,0,0,0,0,0,0,0,0,0,0,0,0,0,0,0,0
ERR10854475,SAMEA112328362,PRJEB58695,Nigeria,West Africa,Ibadan,7.34872,3.87929,2021,2021,Rectal swab,Human clinical,Human,,"SEQAFRICA, a regional initiative of the UK Fleming Fund engages in whole genome sequencing of bacteria of antimicrobial resistance importance to support surveillance in Africa.","Global Health Research Unit for the Genomic Surveillance of Antimicrobial Resistance, Ibadan",Acinetobacter baumannii,NZ_VHFN01000001.1,943/1000,0.00141786,32,3815507,68,151161,38.9,2073,0,0,0,0,0,0,0,0,0,0,0,1,0,0,0,0,0,0,0,0,0,0,0,0,0,0,0,0,0,0,0,0,0,0,0,0,0,0,0,0,0,0,0,0,0,0,0,0,0,0,0,0,0,0,0,0,0,1,0,0,0,0,0,0,0,0,0,0,0,0,0,0,1,0,0,0,0,0,0,0,0,0,0,0,0,0,0,0,0,0,0,0,0,0,0,0,0,0,0,0,0,0,0,0,0,0,0,0,0,0,0,0,0,0,0,0,0,0,0,0,0,0,0,0,0,0,0,0,0,0,0,0,0,0,0,0,0,0,0,0
ERR10854476,SAMEA112328387,PRJEB58695,Nigeria,West Africa,Ibadan,7.34872,3.87929,2021,2021,Rectal swab,Human clinical,Human,,"SEQAFRICA, a regional initiative of the UK Fleming Fund engages in whole genome sequencing of bacteria of antimicrobial resistance importance to support surveillance in Africa.","Global Health Research Unit for the Genomic Surveillance of Antimicrobial Resistance, Ibadan",Acinetobacter baumannii,NZ_UFKC01000171.1,877/1000,0.00322742,203,3809664,175,47594,39.1,,0,0,0,0,0,0,0,0,0,0,0,1,0,0,0,0,0,0,0,0,0,0,0,0,0,0,0,0,0,0,0,0,0,0,0,0,0,0,0,0,0,0,0,0,0,0,0,0,0,0,0,0,0,0,0,0,0,0,0,0,0,0,0,0,0,0,0,0,0,0,0,0,0,0,0,0,0,0,0,0,0,0,0,0,0,0,0,0,0,0,0,0,0,0,0,0,0,0,0,0,0,0,0,0,0,0,0,0,0,0,0,0,0,0,0,0,0,0,0,0,0,0,0,0,0,0,0,0,0,0,0,0,0,0,1,0,0,0,0,0
ERR10854480,SAMEA112328388,PRJEB58695,Nigeria,West Africa,Ibadan,7.34872,3.87929,2021,2021,Rectal swab,Human clinical,Human,,"SEQAFRICA, a regional initiative of the UK Fleming Fund engages in whole genome sequencing of bacteria of antimicrobial resistance importance to support surveillance in Africa.","Global Health Research Unit for the Genomic Surveillance of Antimicrobial Resistance, Ibadan",Acinetobacter baumannii,NZ_AFCZ02000003.1,950/1000,0.00123693,32,3896143,42,240112,39.0,472,0,0,0,0,0,0,0,0,0,0,0,1,0,0,0,0,0,0,0,0,0,0,0,0,0,0,0,0,0,0,0,0,0,0,0,0,0,0,0,0,0,0,0,0,0,0,0,0,0,0,0,0,0,0,0,0,0,1,0,0,0,0,0,0,0,0,0,0,0,0,0,0,1,0,0,0,0,0,0,0,0,0,0,0,0,0,0,0,0,0,0,0,0,0,0,0,0,0,0,0,0,0,0,0,0,0,0,0,0,0,0,0,0,0,0,0,0,0,0,0,0,0,0,0,0,0,0,0,0,0,0,0,0,0,0,0,0,0,0,0
ERR10854483,SAMEA112328409,PRJEB58695,Nigeria,West Africa,Ibadan,7.34872,3.87929,2021,2021,Rectal swab,Human clinical,Human,,"SEQAFRICA, a regional initiative of the UK Fleming Fund engages in whole genome sequencing of bacteria of antimicrobial resistance importance to support surveillance in Africa.","Global Health Research Unit for the Genomic Surveillance of Antimicrobial Resistance, Ibadan",Acinetobacter baumannii,NZ_AFCZ02000003.1,949/1000,0.00126265,32,3896191,34,281379,39.0,472,0,0,0,0,0,0,0,0,0,0,0,1,0,0,0,0,0,0,0,0,0,0,0,0,0,0,0,0,0,0,0,0,0,0,0,0,0,0,0,0,0,0,0,0,0,0,0,0,0,0,0,0,0,0,0,0,0,1,0,0,0,0,0,0,0,0,0,0,0,0,0,0,1,0,0,0,0,0,0,0,0,0,0,0,0,0,0,0,0,0,0,0,0,0,0,0,0,0,0,0,0,0,0,0,0,0,0,0,0,0,0,0,0,0,0,0,0,0,0,0,0,0,0,0,0,0,0,0,0,0,0,0,0,0,0,0,0,0,0,0
ERR10854484,SAMEA112328414,PRJEB58695,Nigeria,West Africa,Ibadan,7.34872,3.87929,2021,2021,Rectal swab,Human clinical,Human,,"SEQAFRICA, a regional initiative of the UK Fleming Fund engages in whole genome sequencing of bacteria of antimicrobial resistance importance to support surveillance in Africa.","Global Health Research Unit for the Genomic Surveillance of Antimicrobial Resistance, Ibadan",Acinetobacter baumannii,NZ_ANND01000001.1,555/1000,0.0160531,2215,3821762,133,60087,39.2,2835,0,0,0,0,0,0,0,0,0,0,0,1,0,0,0,0,0,0,0,0,0,0,0,0,0,0,0,0,0,0,0,0,0,0,0,0,0,0,0,0,0,0,0,0,0,0,0,0,0,0,0,0,0,0,0,0,0,0,0,0,0,0,1,0,0,0,0,0,0,0,0,1,0,0,0,0,0,0,0,0,0,0,0,0,0,0,0,0,0,0,0,0,0,0,0,0,0,0,0,0,0,0,0,0,0,0,0,0,0,0,0,0,0,0,0,0,0,0,0,0,0,0,0,0,0,1,0,0,0,0,0,0,0,0,1,0,0,0,0,0
ERR3569448,SAMEA5987517,PRJEB34692,South Africa,Southern Africa,Cape Town,-33.91381,18.614447,2017,2017,clinical material,Human clinical,Human,,"Colistin resistant Acinetobacter baumannii in Cape Town, South Africa",Universitaetsklinikum Freiburg,Acinetobacter baumannii,NZ_CACRXQ010000001.1,1000/1000,0,1,4045299,92,116471,39.2,231,0,0,1,0,0,0,0,0,1,0,0,1,1,1,0,0,0,0,1,1,1,0,1,0,0,0,0,0,0,0,0,0,0,0,0,0,0,0,0,0,0,0,0,0,0,0,0,0,0,0,0,0,0,0,0,0,0,0,0,0,0,0,0,0,0,0,0,0,0,0,1,0,0,0,0,0,0,0,0,0,0,1,0,0,0,0,0,0,0,0,0,0,0,0,0,0,1,0,0,0,0,0,0,0,0,0,0,1,0,0,0,0,1,0,0,0,1,1,0,0,0,0,0,0,0,0,0,0,1,1,0,0,1,1,1,0,0,1,0,0
ERR3569449,SAMEA5987518,PRJEB34692,South Africa,Southern Africa,Cape Town,-33.91381,18.614447,2017,2017,clinical material,Human clinical,Human,,"Colistin resistant Acinetobacter baumannii in Cape Town, South Africa",Universitaetsklinikum Freiburg,Acinetobacter baumannii,NZ_CACRYG010000001.1,1000/1000,0,1,4012841,84,124312,39.2,231,0,0,1,0,0,0,0,0,1,0,0,1,1,1,0,0,0,0,1,1,1,0,1,0,0,0,0,0,0,0,0,0,0,0,0,0,0,0,0,0,0,0,0,0,0,0,0,0,0,0,0,0,0,0,0,0,0,0,0,0,0,0,0,0,0,0,0,0,0,0,1,0,0,0,0,0,0,0,0,0,0,1,0,0,0,0,0,0,0,0,0,0,0,0,0,0,1,0,0,0,0,0,0,0,0,0,0,1,0,0,0,0,1,0,0,0,1,1,0,0,0,0,0,0,0,0,0,0,1,1,0,0,1,1,1,0,0,1,0,0
ERR3569450,SAMEA5987519,PRJEB34692,South Africa,Southern Africa,Cape Town,-33.91381,18.614447,2017,2017,clinical material,Human clinical,Human,,"Colistin resistant Acinetobacter baumannii in Cape Town, South Africa",Universitaetsklinikum Freiburg,Acinetobacter baumannii,NZ_CACRXQ010000001.1,1000/1000,0,1,4047846,87,160550,39.2,231,0,0,1,0,0,0,0,0,1,0,0,1,1,1,0,0,0,0,1,1,1,0,1,0,0,0,0,0,0,0,0,0,0,0,0,0,0,0,0,0,0,0,0,0,0,0,0,0,0,0,0,0,0,0,0,0,0,0,0,0,0,0,0,0,0,0,0,0,0,0,1,0,0,0,0,0,0,0,0,0,0,1,0,0,0,0,0,0,0,0,0,0,0,0,0,0,1,0,0,0,0,0,0,0,0,0,0,1,0,0,0,0,1,0,0,0,1,1,0,0,0,0,0,0,0,0,0,0,1,1,0,0,1,1,1,0,0,1,0,0
ERR3569451,SAMEA5987520,PRJEB34692,South Africa,Southern Africa,Cape Town,-33.91381,18.614447,2017,2017,clinical material,Human clinical,Human,,"Colistin resistant Acinetobacter baumannii in Cape Town, South Africa",Universitaetsklinikum Freiburg,Acinetobacter baumannii,NZ_CACRXQ010000001.1,999/1000,2.38274e-05,1,4053373,85,160598,39.2,231,0,0,1,0,0,0,0,0,1,0,0,1,1,1,0,0,0,0,1,1,1,0,1,0,0,0,0,0,0,0,0,0,0,0,0,0,0,0,0,0,0,0,0,0,0,0,0,0,0,0,0,0,0,0,0,0,0,0,0,0,0,0,0,0,0,0,0,0,0,0,1,0,0,0,0,0,0,0,0,0,0,1,0,0,0,0,0,0,0,0,0,0,0,0,0,0,1,0,0,0,0,0,0,0,0,0,0,1,0,0,0,0,1,0,0,0,1,1,0,0,0,0,0,0,0,0,0,0,1,1,0,0,1,1,1,0,0,1,0,0
ERR4436595,SAMEA7171649,PRJEB27899,Morocco,North Africa,,32,-6,,,,Not stated,Human,,Molecular epidemiology of carbapenem-resistant Acinetobacter baumanni,University of Cologne,Acinetobacter baumannii,NZ_VHEH01000001.1,918/1000,0.00208065,10,3873240,117,59365,39.0,447,0,0,0,0,0,0,0,0,1,0,1,1,1,0,0,0,0,0,1,0,0,0,0,0,0,0,0,0,0,0,0,0,0,0,0,0,0,0,0,0,0,0,0,0,0,0,0,0,0,0,0,0,0,0,0,1,0,0,0,0,0,0,0,0,0,0,0,0,0,0,0,0,0,0,0,0,0,0,0,0,0,1,0,0,0,0,0,0,0,0,1,0,0,0,0,1,0,0,0,0,0,0,0,0,0,0,0,0,0,0,0,0,0,0,0,0,0,1,0,0,0,0,0,0,0,0,0,0,0,0,0,0,1,0,1,0,0,0,0,0
ERR4436596,SAMEA7171650,PRJEB27899,Morocco,North Africa,,32,-6,,,,Not stated,Human,,Molecular epidemiology of carbapenem-resistant Acinetobacter baumanni,University of Cologne,Acinetobacter baumannii,NZ_VARI01000001.1,988/1000,0.00028831,2,3830480,76,112964,39.0,195,0,0,0,0,1,0,0,0,1,0,0,1,1,1,0,0,0,0,1,1,0,0,0,0,0,0,0,0,0,0,0,0,0,0,0,0,0,0,0,0,0,0,0,0,0,0,0,0,0,0,0,0,0,0,1,0,0,0,0,0,0,0,0,0,0,0,0,0,0,0,0,0,0,0,0,0,0,0,0,0,0,1,0,0,0,0,0,0,0,0,0,0,0,1,0,0,0,0,0,0,0,0,0,0,0,0,0,0,0,0,1,0,0,0,1,0,0,0,0,0,0,0,0,0,0,0,0,0,1,1,0,1,0,1,0,0,0,1,0,0
ERR4436597,SAMEA7171651,PRJEB27899,Morocco,North Africa,,32,-6,,,,Not stated,Human,,Molecular epidemiology of carbapenem-resistant Acinetobacter baumanni,University of Cologne,Acinetobacter baumannii,NZ_VARJ01000001.1,986/1000,0.000336872,2,3848081,103,85557,39.0,195,0,0,0,0,1,0,0,0,1,0,0,1,1,1,0,0,0,0,1,1,0,0,0,0,0,0,0,0,0,0,0,0,0,0,0,0,0,0,0,0,0,0,0,0,0,0,0,0,0,0,0,0,0,0,1,0,0,0,0,0,0,0,0,0,0,0,0,0,0,0,0,0,0,0,0,0,0,0,0,0,0,1,0,0,0,0,0,0,0,0,0,0,0,1,0,0,0,0,0,0,0,0,0,0,0,0,0,0,0,0,1,0,0,0,1,0,0,0,0,0,0,0,0,0,0,0,0,0,1,1,0,1,0,1,0,0,0,1,0,0
ERR4436754,SAMEA7171860,PRJEB27899,Egypt,North Africa,,26,29,,,,Not stated,Human,,Molecular epidemiology of carbapenem-resistant Acinetobacter baumanni,University of Cologne,Acinetobacter baumannii,NZ_PRHX01000001.1,912/1000,0.00224371,2,3980045,121,66122,38.9,1704,0,0,1,0,1,0,0,0,1,0,0,1,1,1,0,0,1,0,1,1,0,0,0,0,0,0,0,0,0,0,0,0,0,0,0,0,0,0,0,0,0,0,0,0,0,0,0,0,0,0,0,0,0,0,0,0,0,0,0,1,0,0,0,0,0,0,0,0,0,0,0,0,0,0,0,0,0,0,0,0,0,1,0,0,0,0,0,0,0,0,0,0,0,1,0,0,0,0,0,0,0,0,0,0,0,0,0,0,0,0,0,0,0,0,1,0,0,0,0,0,0,0,0,0,0,0,0,0,1,1,0,1,0,1,0,0,0,1,0,0
ERR4783172,SAMEA6156072,PRJEB29739,Nigeria,West Africa,,9.081999,8.675277,2018-06-28,2018,,Not stated,,,NIHR_Global_Health_Research_Unit_on_Genomic_Surveillance_of_Antimicrobial_Resistance,Wellcome Sanger Institute;SC,Acinetobacter baumannii,NZ_VHFG01000001.1,830/1000,0.00464278,1093,4075871,147,78938,39.0,2450,0,0,0,0,0,0,0,0,0,0,1,1,1,0,0,0,0,0,1,0,0,0,1,0,0,0,0,0,0,0,0,0,0,0,0,0,0,0,0,0,0,0,0,0,0,0,0,0,0,0,0,0,0,0,0,0,0,0,0,0,0,0,0,1,0,0,0,0,0,0,1,0,0,0,0,0,0,0,0,0,0,0,0,0,0,0,0,0,0,0,1,0,0,0,0,0,0,0,0,1,0,0,0,0,0,0,0,0,0,0,0,0,1,0,0,0,0,1,0,0,0,0,0,0,1,0,0,0,1,1,0,0,0,0,1,1,0,0,0,0
ERR4783180,SAMEA6156074,PRJEB29739,Nigeria,West Africa,,9.081999,8.675277,2017-11-06,2017,,Not stated,,,NIHR_Global_Health_Research_Unit_on_Genomic_Surveillance_of_Antimicrobial_Resistance,Wellcome Sanger Institute;SC,Acinetobacter baumannii,NZ_MPCA01000001.1,973/1000,0.000656154,85,4064101,130,128362,38.9,1089,0,0,0,0,0,0,0,0,0,0,1,1,0,0,0,1,0,0,0,0,0,0,1,0,0,0,0,0,0,0,0,0,0,0,0,0,0,0,0,0,0,0,0,0,0,0,0,0,0,0,0,0,0,0,0,0,0,0,0,0,0,0,0,0,0,0,0,0,0,0,1,0,0,0,0,0,0,0,0,0,0,0,0,0,0,0,0,0,0,0,0,0,0,0,0,0,0,0,0,0,0,0,0,0,1,0,0,0,0,0,0,0,1,0,0,0,0,0,0,0,0,0,0,0,0,0,0,0,1,1,0,0,0,0,1,0,0,0,0,0
ERR4783186,SAMEA6156075,PRJEB29739,Nigeria,West Africa,,9.081999,8.675277,2018-03-30,2018,,Not stated,,,NIHR_Global_Health_Research_Unit_on_Genomic_Surveillance_of_Antimicrobial_Resistance,Wellcome Sanger Institute;SC,Acinetobacter baumannii,NZ_VHHL01000001.1,961/1000,0.000956583,2,4036409,64,161441,39.1,1114,0,0,1,0,0,0,0,0,1,0,0,1,1,1,0,0,0,0,1,0,0,0,0,0,0,0,0,0,0,0,0,0,0,0,0,0,0,0,0,0,0,0,0,0,0,0,1,0,0,0,0,0,0,0,0,0,0,0,0,0,0,0,0,0,0,0,0,0,0,0,0,0,0,0,0,0,0,0,0,0,0,1,0,0,0,0,0,0,0,0,0,0,0,1,0,0,0,0,0,0,0,0,0,0,0,0,0,0,0,0,1,0,0,0,0,0,0,0,0,0,0,0,0,0,0,0,0,0,0,0,0,1,0,1,1,0,0,1,0,0
ERR4783188,SAMEA6156082,PRJEB29739,Nigeria,West Africa,,9.081999,8.675277,2018-03-30,2018,,Not stated,,,NIHR_Global_Health_Research_Unit_on_Genomic_Surveillance_of_Antimicrobial_Resistance,Wellcome Sanger Institute;SC,Acinetobacter baumannii,NZ_VHHL01000001.1,960/1000,0.000981871,2,4039140,69,161384,39.0,1114,0,0,1,0,0,0,0,0,1,0,0,1,1,1,0,0,0,0,1,0,0,0,0,0,0,0,0,0,0,0,0,0,0,0,0,0,0,0,0,0,0,0,0,0,0,0,1,0,0,0,0,0,0,0,0,0,0,0,0,0,0,0,0,0,0,0,0,0,0,0,0,0,0,0,0,0,0,0,0,0,0,1,0,0,0,0,0,0,0,0,0,0,0,1,0,0,0,0,0,0,0,0,0,0,0,0,0,0,0,0,1,0,0,0,0,0,0,0,0,0,0,0,0,0,0,0,0,0,0,0,0,1,0,1,1,0,0,1,0,0
ERR4783194,SAMEA6156081,PRJEB29739,Nigeria,West Africa,,9.081999,8.675277,2018-04-09,2018,,Not stated,,,NIHR_Global_Health_Research_Unit_on_Genomic_Surveillance_of_Antimicrobial_Resistance,Wellcome Sanger Institute;SC,Acinetobacter baumannii,NZ_NIWP01000085.1,926/1000,0.00186568,821,4007831,43,366322,39.0,2146,0,0,0,0,0,0,0,0,0,0,1,1,1,1,0,0,0,0,1,0,0,0,0,0,0,0,0,0,0,0,0,0,0,0,0,0,0,0,0,0,0,0,0,0,0,0,0,0,1,0,0,0,0,0,0,0,0,0,0,0,0,0,0,0,0,0,0,0,0,1,0,0,0,0,0,0,0,0,0,0,0,0,0,0,1,0,0,1,0,0,0,0,0,0,0,0,0,0,0,0,0,0,0,0,0,0,0,0,0,0,0,0,0,0,0,0,0,0,1,0,0,0,0,0,0,0,0,0,1,1,0,0,0,0,1,1,0,0,0,0
ERR4783195,SAMEA6156095,PRJEB29739,Nigeria,West Africa,,9.081999,8.675277,2018-03-31,2018,,Not stated,,,NIHR_Global_Health_Research_Unit_on_Genomic_Surveillance_of_Antimicrobial_Resistance,Wellcome Sanger Institute;SC,Acinetobacter baumannii,NZ_VHHL01000001.1,961/1000,0.000956583,2,4036136,68,161384,39.0,1114,0,0,1,0,0,0,0,0,1,0,0,1,1,1,0,0,0,0,1,0,0,0,0,0,0,0,0,0,0,0,0,0,0,0,0,0,0,0,0,0,0,0,0,0,0,0,1,0,0,0,0,0,0,0,0,0,0,0,0,0,0,0,0,0,0,0,0,0,0,0,0,0,0,0,0,0,0,0,0,0,0,1,0,0,0,0,0,0,0,0,0,0,0,1,0,0,0,0,0,0,0,0,0,0,0,0,0,0,0,0,1,0,0,0,0,0,0,0,0,0,0,0,0,0,0,0,0,0,0,0,0,1,0,1,1,0,0,1,0,0
ERR4783200,SAMEA6156110,PRJEB29739,Nigeria,West Africa,,9.081999,8.675277,2017-12-31,2017,,Not stated,,,NIHR_Global_Health_Research_Unit_on_Genomic_Surveillance_of_Antimicrobial_Resistance,Wellcome Sanger Institute;SC,Acinetobacter baumannii,NZ_LN868200.1,915/1000,0.00216198,267,3756025,91,376554,38.9,2417,0,0,0,0,0,0,0,0,0,0,0,1,0,0,0,0,0,0,0,0,0,0,0,0,0,0,0,0,0,0,0,0,0,0,0,0,0,0,0,0,0,0,0,0,0,1,0,0,0,0,0,0,0,0,0,0,0,0,0,0,0,0,0,0,0,0,0,0,0,0,0,0,0,0,0,0,0,0,1,0,0,0,0,0,0,0,0,0,0,0,0,0,0,0,0,0,0,0,0,0,0,0,0,0,0,0,0,0,0,0,0,0,0,0,0,0,0,0,0,0,0,0,0,0,0,1,0,0,0,0,0,0,0,0,0,0,0,0,0,0
ERR4783203,SAMEA6156097,PRJEB29739,Nigeria,West Africa,,9.081999,8.675277,2018-06-22,2018,,Not stated,,,NIHR_Global_Health_Research_Unit_on_Genomic_Surveillance_of_Antimicrobial_Resistance,Wellcome Sanger Institute;SC,Acinetobacter baumannii,NZ_VHHL01000001.1,961/1000,0.000956583,2,4034814,67,147019,39.0,1114,0,0,1,0,0,0,0,0,1,0,0,1,1,1,0,0,0,0,1,0,0,0,0,0,0,0,0,0,0,0,0,0,0,0,0,0,0,0,0,0,0,0,0,0,0,0,1,0,0,0,0,0,0,0,0,0,0,0,0,0,0,0,0,0,0,0,0,0,0,0,0,0,0,0,0,0,0,0,0,0,0,1,0,0,0,0,0,0,0,0,0,0,0,1,0,0,0,0,0,0,0,0,0,0,0,0,0,0,0,0,1,0,0,0,0,0,0,0,0,0,0,0,0,0,0,0,0,0,0,0,0,1,0,1,1,0,0,1,0,0
ERR4783208,SAMEA6156098,PRJEB29739,Nigeria,West Africa,,9.081999,8.675277,2020,2020,,Not stated,,,NIHR_Global_Health_Research_Unit_on_Genomic_Surveillance_of_Antimicrobial_Resistance,Wellcome Sanger Institute;SC,Acinetobacter baumannii,NZ_MPCA01000001.1,982/1000,0.000434439,85,4022839,76,128362,38.9,1089,0,0,0,0,0,0,0,0,0,0,1,1,0,0,0,1,0,0,0,0,0,0,0,0,0,0,0,0,0,0,0,0,0,0,0,0,0,0,0,0,0,0,0,0,0,0,0,0,0,0,0,0,0,0,0,0,0,0,1,0,0,0,0,0,0,0,0,0,0,0,1,0,0,0,0,0,0,0,0,0,0,0,0,0,0,0,0,0,0,0,0,0,0,0,0,0,0,0,0,0,0,0,0,0,1,0,0,0,0,0,0,0,1,0,0,0,0,0,0,0,0,0,0,0,0,0,0,0,1,1,0,0,0,0,1,0,0,0,0,0
ERR4783214,SAMEA6156099,PRJEB29739,Nigeria,West Africa,,9.081999,8.675277,2018-06-21,2018,,Not stated,,,NIHR_Global_Health_Research_Unit_on_Genomic_Surveillance_of_Antimicrobial_Resistance,Wellcome Sanger Institute;SC,Acinetobacter baumannii,NZ_CVLD01000001.1,974/1000,0.000631368,1,3928034,72,150002,39.1,441,0,0,1,0,0,0,0,0,1,0,0,1,0,1,0,0,0,0,0,0,0,0,0,0,0,0,0,0,0,0,0,0,0,0,0,0,0,0,0,0,0,0,0,0,0,0,0,0,0,0,0,0,0,0,0,0,1,0,0,0,0,0,0,0,0,0,0,0,0,0,0,0,0,0,0,0,0,0,0,0,0,1,0,0,0,0,0,0,0,0,0,0,0,0,0,0,1,0,0,0,0,0,0,0,0,0,0,0,0,0,1,0,0,1,0,0,0,0,0,0,0,0,0,0,0,0,0,0,0,0,0,1,0,1,0,0,1,0,0,0
ERR4783216,SAMEA6156100,PRJEB29739,Nigeria,West Africa,,9.081999,8.675277,,,,Not stated,,,NIHR_Global_Health_Research_Unit_on_Genomic_Surveillance_of_Antimicrobial_Resistance,Wellcome Sanger Institute;SC,Acinetobacter baumannii,NZ_VHHL01000001.1,961/1000,0.000956583,2,4036053,69,147019,39.0,1114,0,0,1,0,0,0,0,0,1,0,0,1,1,1,0,0,0,0,1,0,0,0,0,0,0,0,0,0,0,0,0,0,0,0,0,0,0,0,0,0,0,0,0,0,0,0,1,0,0,0,0,0,0,0,0,0,0,0,0,0,0,0,0,0,0,0,0,0,0,0,0,0,0,0,0,0,0,0,0,0,0,1,0,0,0,0,0,0,0,0,0,0,0,1,0,0,0,0,0,0,0,0,0,0,0,0,0,0,0,0,1,0,0,0,0,0,0,0,0,0,0,0,0,0,0,0,0,0,0,0,0,1,0,1,1,0,0,1,0,0
ERR4783222,SAMEA6156102,PRJEB29739,Nigeria,West Africa,,9.081999,8.675277,2018-06-21,2018,,Not stated,,,NIHR_Global_Health_Research_Unit_on_Genomic_Surveillance_of_Antimicrobial_Resistance,Wellcome Sanger Institute;SC,Acinetobacter baumannii,NZ_MPCA01000001.1,987/1000,0.000312573,85,4038564,78,182176,38.9,1089,0,0,0,0,0,0,0,0,0,0,1,1,0,0,0,1,0,0,0,0,0,0,0,0,0,0,0,0,0,0,0,0,0,0,0,0,0,0,0,0,0,0,0,0,0,0,0,0,0,1,0,0,0,0,0,0,0,0,0,0,0,0,0,0,0,0,0,0,0,0,1,0,0,0,0,0,0,0,0,0,0,0,0,0,0,0,0,0,0,0,0,0,0,0,0,0,0,0,0,0,0,0,0,0,1,0,0,0,0,0,0,0,1,0,0,0,0,0,0,0,0,0,0,0,1,0,0,0,1,1,0,0,0,0,1,0,0,0,0,0
ERR4783223,SAMEA6156105,PRJEB29739,Nigeria,West Africa,,9.081999,8.675277,2018-04-09,2018,,Not stated,,,NIHR_Global_Health_Research_Unit_on_Genomic_Surveillance_of_Antimicrobial_Resistance,Wellcome Sanger Institute;SC,Acinetobacter baumannii,NZ_VHHL01000001.1,960/1000,0.000981871,2,4039114,74,147019,39.0,1114,0,0,1,0,0,0,0,0,1,0,0,1,1,1,0,0,0,0,1,0,0,0,0,0,0,0,0,0,0,0,0,0,0,0,0,0,0,0,0,0,0,0,0,0,0,0,1,0,0,0,0,0,0,0,0,0,0,0,0,0,0,0,0,0,0,0,0,0,0,0,0,0,0,0,0,0,0,0,0,0,0,1,0,0,0,0,0,0,0,0,0,0,0,1,0,0,0,0,0,0,0,0,0,0,0,0,0,0,0,0,1,0,0,0,0,0,0,0,0,0,0,0,0,0,0,0,0,0,0,0,0,1,0,1,1,0,0,1,0,0
ERR4783228,SAMEA6156107,PRJEB29739,Nigeria,West Africa,,9.081999,8.675277,2017-09-02,2017,,Not stated,,,NIHR_Global_Health_Research_Unit_on_Genomic_Surveillance_of_Antimicrobial_Resistance,Wellcome Sanger Institute;SC,Acinetobacter baumannii,NZ_MPBX01000001.1,964/1000,0.000880953,85,3878318,87,158611,38.9,1089,0,0,0,0,0,0,0,0,0,0,1,1,0,0,0,1,0,0,0,0,0,0,1,0,0,0,0,0,0,0,0,0,0,0,0,0,0,0,0,0,0,0,0,0,0,0,0,0,0,0,0,0,0,0,0,0,0,0,0,0,0,0,0,0,0,0,0,0,0,0,1,0,0,0,0,0,0,0,0,0,0,0,0,0,0,0,0,0,0,0,0,0,0,0,0,0,0,0,0,0,0,0,0,0,1,0,0,0,0,0,0,0,1,0,0,0,0,0,0,0,0,0,0,0,1,0,0,0,1,1,0,0,0,0,1,0,0,0,0,0
ERR4783231,SAMEA6156112,PRJEB29739,Nigeria,West Africa,,9.081999,8.675277,2018-03-31,2018,,Not stated,,,NIHR_Global_Health_Research_Unit_on_Genomic_Surveillance_of_Antimicrobial_Resistance,Wellcome Sanger Institute;SC,Acinetobacter baumannii,NZ_VHHL01000001.1,960/1000,0.000981871,2,4040755,71,161384,39.0,1114,0,0,1,0,0,0,0,0,1,0,0,1,1,1,0,0,0,0,1,0,0,0,0,0,0,0,0,0,0,0,0,0,0,0,0,0,0,0,0,0,0,0,0,0,0,0,1,0,0,0,0,0,0,0,0,0,0,0,0,0,0,0,0,0,0,0,0,0,0,0,0,0,0,0,0,0,0,0,0,0,0,1,0,0,0,0,0,0,0,0,0,0,0,1,0,0,0,0,0,0,0,0,0,0,0,0,0,0,0,0,1,0,0,0,0,0,0,0,0,0,0,0,0,0,0,0,0,0,0,0,0,1,0,1,1,0,0,1,0,0
ERR4783239,SAMEA6156083,PRJEB29739,Nigeria,West Africa,,9.081999,8.675277,,,,Not stated,,,NIHR_Global_Health_Research_Unit_on_Genomic_Surveillance_of_Antimicrobial_Resistance,Wellcome Sanger Institute;SC,Acinetobacter baumannii,NZ_VHHL01000001.1,960/1000,0.000981871,2,4037370,65,161441,39.0,1114,0,0,1,0,0,0,0,0,1,0,0,1,1,1,0,0,0,0,1,0,0,0,0,0,0,0,0,0,0,0,0,0,0,0,0,0,0,0,0,0,0,0,0,0,0,0,1,0,0,0,0,0,0,0,0,0,0,0,0,0,0,0,0,0,0,0,0,0,0,0,0,0,0,0,0,0,0,0,0,0,0,1,0,0,0,0,0,0,0,0,0,0,0,1,0,0,0,0,0,0,0,0,0,0,0,0,0,0,0,0,1,0,0,0,0,0,0,0,0,0,0,0,0,0,0,0,0,0,0,0,0,1,0,1,1,0,0,1,0,0
ERR4783244,SAMEA6156085,PRJEB29739,Nigeria,West Africa,,9.081999,8.675277,2018-09-07,2018,,Not stated,,,NIHR_Global_Health_Research_Unit_on_Genomic_Surveillance_of_Antimicrobial_Resistance,Wellcome Sanger Institute;SC,Acinetobacter baumannii,NZ_NXGU01000001.1,974/1000,0.000631368,1,3984623,81,148259,39.1,231,0,0,1,0,0,0,0,0,1,0,0,1,1,1,0,0,1,0,1,0,0,0,0,0,0,0,0,0,0,0,0,0,0,0,0,1,0,0,0,0,0,0,0,0,0,0,0,0,0,0,0,0,0,0,0,0,0,0,0,0,0,0,0,0,0,0,0,0,0,0,1,0,0,0,0,0,0,0,0,0,0,1,0,0,0,0,0,0,0,0,0,0,0,0,0,0,1,0,0,0,0,0,0,0,0,0,0,0,0,0,0,0,1,0,0,0,0,1,0,0,0,0,0,0,0,0,0,0,0,0,0,1,1,1,1,0,0,1,0,0
ERR4783250,SAMEA6156086,PRJEB29739,Nigeria,West Africa,,9.081999,8.675277,2020,2020,,Not stated,,,NIHR_Global_Health_Research_Unit_on_Genomic_Surveillance_of_Antimicrobial_Resistance,Wellcome Sanger Institute;SC,Acinetobacter baumannii,NZ_SMUC01000100.1,967/1000,0.000805673,25,4268309,192,133230,38.9,229,0,1,0,1,0,0,0,0,0,0,0,1,1,0,0,0,0,0,1,1,1,0,0,0,0,0,0,0,0,0,0,0,0,0,0,0,0,0,0,0,0,1,0,0,0,0,0,0,0,0,0,0,0,0,0,0,0,0,0,0,0,0,0,0,0,0,0,0,0,0,0,0,0,0,0,0,0,0,0,0,0,1,0,0,0,0,0,0,0,0,0,1,0,0,0,0,0,0,0,0,0,0,0,0,0,0,0,1,0,0,0,0,0,0,0,0,1,0,0,0,0,1,0,0,0,0,0,0,1,1,0,0,0,1,1,0,0,1,0,0
ERR4783252,SAMEA6156089,PRJEB29739,Nigeria,West Africa,,9.081999,8.675277,2018-03-17,2018,,Not stated,,,NIHR_Global_Health_Research_Unit_on_Genomic_Surveillance_of_Antimicrobial_Resistance,Wellcome Sanger Institute;SC,Acinetobacter baumannii,NZ_VHHL01000001.1,961/1000,0.000956583,2,4038667,69,161384,39.1,1114,0,0,1,0,0,0,0,0,1,0,0,1,1,1,0,0,0,0,1,0,0,0,0,0,0,0,0,0,0,0,0,0,0,0,0,0,0,0,0,0,0,0,0,0,0,0,1,0,0,0,0,0,0,0,0,0,0,0,0,0,0,0,0,0,0,0,0,0,0,0,0,0,0,0,0,0,0,0,0,0,0,1,0,0,0,0,0,0,0,0,0,0,0,1,0,0,0,0,0,0,0,0,0,0,0,0,0,0,0,0,1,0,0,0,0,0,0,0,0,0,0,0,0,0,0,0,0,0,0,0,0,1,0,1,1,0,0,1,0,0
ERR4783258,SAMEA6156088,PRJEB29739,Nigeria,West Africa,,9.081999,8.675277,2018-01-02,2018,,Not stated,,,NIHR_Global_Health_Research_Unit_on_Genomic_Surveillance_of_Antimicrobial_Resistance,Wellcome Sanger Institute;SC,Acinetobacter baumannii,NZ_VHHL01000001.1,960/1000,0.000981871,2,4035657,68,161384,39.0,1114,0,0,1,0,0,0,0,0,1,0,0,1,1,1,0,0,0,0,1,0,0,0,0,0,0,0,0,0,0,0,0,0,0,0,0,0,0,0,0,0,0,0,0,0,0,0,1,0,0,0,0,0,0,0,0,0,0,0,0,0,0,0,0,0,0,0,0,0,0,0,0,0,0,0,0,0,0,0,0,0,0,1,0,0,0,0,0,0,0,0,0,0,0,1,0,0,0,0,0,0,0,0,0,0,0,0,0,0,0,0,1,0,0,0,0,0,0,0,0,0,0,0,0,0,0,0,0,0,0,0,0,1,0,1,1,0,0,1,0,0
ERR4783259,SAMEA6156087,PRJEB29739,Nigeria,West Africa,,9.081999,8.675277,2020,2020,,Not stated,,,NIHR_Global_Health_Research_Unit_on_Genomic_Surveillance_of_Antimicrobial_Resistance,Wellcome Sanger Institute;SC,Acinetobacter baumannii,NZ_SMUC01000100.1,983/1000,0.000409992,25,4198212,71,200360,39.0,229,0,1,0,1,0,0,0,0,0,0,0,1,1,0,0,0,0,0,1,1,1,0,0,0,0,0,0,0,0,0,0,0,0,0,0,0,0,0,0,0,0,1,0,0,0,0,0,0,0,0,0,0,0,0,0,0,0,0,0,0,0,0,0,0,0,0,0,0,0,0,0,0,0,0,0,0,0,0,0,0,0,1,0,0,0,0,0,0,0,0,0,1,0,0,0,0,0,0,0,0,0,0,0,0,0,0,0,1,0,0,0,0,0,0,0,0,1,0,0,0,0,1,0,0,0,0,0,0,1,1,0,1,0,1,1,0,0,1,0,0
ERR4783264,SAMEA6156109,PRJEB29739,Nigeria,West Africa,,9.081999,8.675277,2018-03-01,2018,,Not stated,,,NIHR_Global_Health_Research_Unit_on_Genomic_Surveillance_of_Antimicrobial_Resistance,Wellcome Sanger Institute;SC,Acinetobacter baumannii,NZ_UFIQ01000049.1,924/1000,0.00191916,164,3896832,50,217044,38.8,1957,0,0,0,0,0,0,0,0,0,0,1,1,0,0,0,0,0,0,0,0,0,0,0,0,0,0,0,0,0,0,0,0,0,0,0,0,0,0,0,0,0,0,0,0,0,0,0,0,0,0,0,1,0,0,0,0,0,0,0,0,0,0,0,1,0,0,0,0,0,0,0,0,0,0,0,0,0,0,0,0,0,0,0,0,0,0,0,0,0,0,0,0,0,0,0,0,0,0,0,0,0,0,0,1,0,0,0,0,0,0,0,0,0,0,0,0,0,0,0,0,0,0,0,0,0,0,0,0,0,0,0,0,0,0,0,1,0,0,0,0
ERR4783387,SAMEA6156071,PRJEB29739,Nigeria,West Africa,,9.081999,8.675277,2018-06-29,2018,,Not stated,,,NIHR_Global_Health_Research_Unit_on_Genomic_Surveillance_of_Antimicrobial_Resistance,Wellcome Sanger Institute;SC,Acinetobacter baumannii,NZ_MPCA01000001.1,981/1000,0.000458924,85,4040707,99,137393,38.9,1089,0,0,0,0,0,0,0,0,0,0,1,1,0,0,0,1,0,0,0,0,0,0,0,0,0,0,0,0,0,0,0,0,0,0,0,0,0,0,0,0,0,0,0,0,0,0,0,0,0,0,0,0,0,0,0,0,0,0,1,0,0,0,0,0,0,0,0,0,0,0,1,0,0,0,0,0,0,0,0,0,0,0,0,0,0,0,0,0,0,0,0,0,0,0,0,0,0,0,0,0,0,0,0,0,1,0,0,0,0,0,0,0,1,0,0,0,0,0,0,0,0,0,0,0,0,0,0,0,1,1,0,0,0,0,1,0,0,0,0,0
ERR4783391,SAMEA6156077,PRJEB29739,Nigeria,West Africa,,9.081999,8.675277,2018-03-24,2018,,Not stated,,,NIHR_Global_Health_Research_Unit_on_Genomic_Surveillance_of_Antimicrobial_Resistance,Wellcome Sanger Institute;SC,Acinetobacter baumannii,NZ_VHHL01000001.1,961/1000,0.000956583,2,4037852,65,161384,39.0,1114,0,0,1,0,0,0,0,0,1,0,0,1,1,1,0,0,0,0,1,0,0,0,0,0,0,0,0,0,0,0,0,0,0,0,0,0,0,0,0,0,0,0,0,0,0,0,1,0,0,0,0,0,0,0,0,0,0,0,0,0,0,0,0,0,0,0,0,0,0,0,0,0,0,0,0,0,0,0,0,0,0,1,0,0,0,0,0,0,0,0,0,0,0,1,0,0,0,0,0,0,0,0,0,0,0,0,0,0,0,0,1,0,0,0,0,0,0,0,0,0,0,0,0,0,0,0,0,0,0,0,0,1,0,1,1,0,0,1,0,0
ERR4783401,SAMEA6156096,PRJEB29739,Nigeria,West Africa,,9.081999,8.675277,2020,2020,,Not stated,,,NIHR_Global_Health_Research_Unit_on_Genomic_Surveillance_of_Antimicrobial_Resistance,Wellcome Sanger Institute;SC,Acinetobacter baumannii,NZ_MPCA01000001.1,967/1000,0.000805673,85,4069045,146,128362,38.9,1089,0,0,0,0,0,0,0,0,0,0,1,1,0,0,0,1,0,0,0,0,0,0,0,0,0,0,0,0,0,0,0,0,0,0,0,0,0,0,0,0,0,0,0,0,0,0,0,0,0,0,0,0,0,0,0,0,0,0,1,0,0,0,0,0,0,0,0,0,0,0,1,0,0,0,0,0,0,0,0,0,0,0,0,0,0,0,0,0,0,0,0,0,0,0,0,0,0,0,0,0,0,0,0,0,1,0,0,0,0,0,0,0,1,0,0,0,0,0,0,0,0,0,0,0,0,0,0,0,1,1,0,0,0,0,1,0,0,0,0,0
ERR4783411,SAMEA6156084,PRJEB29739,Nigeria,West Africa,,9.081999,8.675277,,,,Not stated,,,NIHR_Global_Health_Research_Unit_on_Genomic_Surveillance_of_Antimicrobial_Resistance,Wellcome Sanger Institute;SC,Acinetobacter baumannii,NZ_MPBX01000001.1,961/1000,0.000956583,85,3881439,88,156988,38.9,1089,0,0,0,0,0,0,0,0,0,0,1,1,0,0,0,1,0,0,0,0,0,0,0,0,0,0,0,0,0,0,0,0,0,0,0,0,0,0,0,0,0,0,0,0,0,0,0,0,0,0,0,0,0,0,0,0,0,0,1,0,0,0,0,0,0,0,0,0,0,0,1,0,0,0,0,0,0,0,0,0,0,0,0,0,0,0,0,0,0,0,0,0,0,0,0,0,0,0,0,0,0,0,0,0,1,0,0,0,0,0,0,0,1,0,0,0,0,0,0,0,0,0,0,0,1,0,0,0,1,1,0,0,0,0,1,0,0,0,0,0
ERR4783419,SAMEA6156094,PRJEB29739,Nigeria,West Africa,,9.081999,8.675277,2018-01-22,2018,,Not stated,,,NIHR_Global_Health_Research_Unit_on_Genomic_Surveillance_of_Antimicrobial_Resistance,Wellcome Sanger Institute;SC,Acinetobacter baumannii,NZ_MPCA01000001.1,982/1000,0.000434439,85,4037984,89,182178,38.9,1089,0,0,0,0,0,0,0,0,0,0,1,1,0,0,0,1,0,0,0,0,0,0,1,0,0,0,0,0,0,0,0,0,0,0,0,0,0,0,0,0,0,0,0,0,0,0,0,0,0,0,0,0,0,0,0,0,0,0,0,0,0,0,0,0,0,0,0,0,0,0,1,0,0,0,0,0,0,0,0,0,0,0,0,0,0,0,0,0,0,0,0,0,0,0,0,0,0,0,0,0,0,0,0,0,1,0,0,0,0,0,0,0,1,0,0,0,0,0,0,0,0,0,0,0,0,0,0,0,1,1,0,0,0,0,1,0,0,0,0,0
ERR4783518,SAMEA6422772,PRJEB29739,Nigeria,West Africa,,9.081999,8.675277,2020,2020,,Not stated,,,NIHR_Global_Health_Research_Unit_on_Genomic_Surveillance_of_Antimicrobial_Resistance,Wellcome Sanger Institute;SC,Acinetobacter baumannii,NZ_MPCA01000001.1,982/1000,0.000434439,85,4027855,68,137143,38.9,1089,0,0,0,0,0,0,0,0,0,0,1,1,0,0,0,1,0,0,0,0,0,0,0,0,0,0,0,0,0,0,0,0,0,0,0,0,0,0,0,0,0,0,0,0,0,0,0,0,0,0,0,0,0,0,0,0,0,0,1,0,0,0,0,0,0,0,0,0,0,0,1,0,0,0,0,0,0,0,0,0,0,0,0,0,0,0,0,0,0,0,0,0,0,0,0,0,0,0,0,0,0,0,0,0,1,0,0,0,0,0,0,0,1,0,0,0,0,0,0,0,0,0,0,0,0,0,0,0,1,1,0,0,0,0,1,0,0,0,0,0
ERR4919979,SAMEA7472255,PRJEB33565,Ethiopia,East Africa,,9,38,,,,Not stated,Human,,Genomic epidemiology and patterns of antimicrobial resistance of neonatal sepsis in low- and middle-income countries https://barnards-group.com,CARDIFF UNIVERSITY,Acinetobacter baumannii,NZ_LN868200.1,863/1000,0.00363721,267,3883634,289,26172,39.2,942,0,0,0,0,0,1,0,0,0,1,1,1,1,0,0,0,0,0,1,0,0,0,0,0,0,0,0,0,0,0,0,0,0,0,0,0,0,0,0,0,0,0,0,0,0,1,0,0,0,0,0,0,0,0,0,0,0,0,0,0,0,0,0,0,0,0,1,0,0,0,0,1,0,0,0,0,0,0,0,0,0,0,0,0,0,0,0,0,0,0,0,0,0,0,0,0,0,0,0,0,0,0,0,0,0,0,0,0,0,0,0,0,0,0,0,1,0,0,0,0,0,0,1,0,0,1,0,0,0,0,0,1,0,1,0,0,0,0,0,0
ERR4919980,SAMEA7472266,PRJEB33565,Ethiopia,East Africa,,9,38,,,,Not stated,Human,,Genomic epidemiology and patterns of antimicrobial resistance of neonatal sepsis in low- and middle-income countries https://barnards-group.com,CARDIFF UNIVERSITY,Acinetobacter baumannii,NZ_UCPK02000001.1,929/1000,0.00178577,1,4040916,239,32994,39.3,405,0,0,1,0,0,0,0,0,1,0,0,1,0,1,0,0,0,0,0,0,0,0,1,0,0,0,0,0,0,0,0,0,0,0,0,0,0,0,0,0,0,0,0,0,0,0,0,0,0,0,0,0,0,0,0,0,0,0,0,0,0,0,0,0,0,0,0,0,0,0,0,0,0,0,0,0,0,0,0,0,0,0,0,0,0,0,0,0,0,0,0,0,0,0,0,0,1,0,0,0,0,0,0,0,0,0,0,0,0,0,0,0,0,1,0,0,0,0,0,0,0,0,0,0,0,0,0,0,0,0,0,1,0,1,0,0,1,0,0,0
ERR4919981,SAMEA7472269,PRJEB33565,Ethiopia,East Africa,,9,38,,,,Not stated,Human,,Genomic epidemiology and patterns of antimicrobial resistance of neonatal sepsis in low- and middle-income countries https://barnards-group.com,CARDIFF UNIVERSITY,Acinetobacter baumannii,NZ_UCPK02000001.1,922/1000,0.00197282,1,4061048,240,33088,39.2,405,0,0,1,0,0,0,0,0,1,0,0,1,0,1,0,0,0,0,0,0,0,0,1,0,0,0,0,0,0,0,0,0,0,0,0,0,0,0,0,0,0,0,0,0,0,0,0,0,0,0,0,0,0,0,0,0,0,0,0,0,0,0,0,0,0,0,0,0,0,0,0,0,0,0,0,0,0,0,0,0,0,0,0,0,0,0,0,0,0,0,0,0,0,0,0,0,1,0,0,0,0,0,0,0,0,0,0,0,0,0,0,0,0,1,0,0,0,0,0,0,0,0,0,0,0,0,0,0,0,0,0,1,0,1,0,0,1,0,0,0
ERR4919983,SAMEA7472272,PRJEB33565,Ethiopia,East Africa,,9,38,,,,Not stated,Human,,Genomic epidemiology and patterns of antimicrobial resistance of neonatal sepsis in low- and middle-income countries https://barnards-group.com,CARDIFF UNIVERSITY,Acinetobacter baumannii,NZ_UCPR02000001.1,927/1000,0.001839,1,4085498,207,34777,39.2,405,0,0,1,0,0,0,0,0,1,0,0,1,0,1,0,0,0,0,0,0,0,0,1,0,0,0,0,0,0,0,0,0,0,0,0,0,0,0,0,0,0,0,0,0,0,0,0,0,0,0,0,0,0,0,0,0,0,0,0,0,0,0,0,0,0,0,0,0,0,0,0,0,0,0,0,0,0,0,0,0,0,0,0,0,0,0,0,0,0,0,0,0,0,0,0,0,1,0,0,0,0,0,0,0,0,0,0,0,0,0,0,0,0,1,0,0,0,0,0,0,0,0,0,0,0,0,0,0,0,0,0,1,0,1,0,0,1,0,0,0
ERR4919984,SAMEA7472275,PRJEB33565,Ethiopia,East Africa,,9,38,,,,Not stated,Human,,Genomic epidemiology and patterns of antimicrobial resistance of neonatal sepsis in low- and middle-income countries https://barnards-group.com,CARDIFF UNIVERSITY,Acinetobacter baumannii,NZ_UCPK02000001.1,937/1000,0.00157453,1,4075284,153,61147,39.2,405,0,0,1,0,0,0,0,0,1,0,0,1,0,1,0,0,0,0,0,0,0,0,1,0,0,0,0,0,0,0,0,0,0,0,0,0,0,0,0,0,0,0,0,0,0,0,0,0,0,0,0,0,0,0,0,0,0,0,0,0,0,0,0,0,0,0,0,0,0,0,0,0,0,0,0,0,0,0,0,0,0,0,0,0,0,0,0,0,0,0,0,0,0,0,0,0,1,0,0,0,0,0,0,0,0,0,0,0,0,0,0,0,0,1,0,0,0,0,0,0,0,0,0,0,0,0,0,0,0,0,0,1,0,1,0,0,1,0,0,0
ERR4919985,SAMEA7472282,PRJEB33565,Ethiopia,East Africa,,9,38,,,,Not stated,Human,,Genomic epidemiology and patterns of antimicrobial resistance of neonatal sepsis in low- and middle-income countries https://barnards-group.com,CARDIFF UNIVERSITY,Acinetobacter baumannii,NZ_FBXI01000001.1,934/1000,0.00165343,1,4100961,175,57648,39.1,405,0,0,1,0,0,0,0,0,1,0,0,1,0,1,0,0,0,0,0,0,0,0,1,0,0,0,0,0,0,0,0,0,0,0,0,0,0,0,0,0,0,0,0,0,0,0,0,0,0,0,0,0,0,0,0,0,0,0,0,0,0,0,0,0,0,0,0,0,0,0,0,0,0,0,0,0,0,0,0,0,0,0,0,0,0,0,0,0,0,0,0,0,0,0,0,0,1,0,0,0,0,0,0,0,0,0,0,0,0,0,0,0,0,1,0,0,0,0,0,0,0,0,0,0,0,0,0,0,0,0,0,1,0,1,0,0,1,0,0,0
ERR4919991,SAMEA7472369,PRJEB33565,Nigeria,West Africa,,12,8,,,,Not stated,Human,,Genomic epidemiology and patterns of antimicrobial resistance of neonatal sepsis in low- and middle-income countries https://barnards-group.com,CARDIFF UNIVERSITY,Acinetobacter baumannii,NZ_JEZB01000001.1,929/1000,0.00178577,2,3870996,193,38218,39.0,,0,0,1,0,0,0,0,0,1,0,0,1,1,0,0,0,0,0,1,0,0,0,0,0,0,0,0,0,0,0,0,0,0,0,0,0,0,0,0,0,0,0,0,0,0,0,1,0,0,0,0,0,0,0,0,0,0,0,0,0,0,0,0,0,0,0,0,0,0,0,0,0,0,0,0,0,0,0,0,0,0,0,0,0,0,0,0,0,0,0,0,0,0,1,0,0,0,0,0,0,0,0,0,0,0,0,0,0,0,0,0,0,0,0,0,0,0,0,0,0,0,0,0,0,0,0,0,0,0,0,0,1,0,1,1,0,0,1,0,0
ERR4919992,SAMEA7472384,PRJEB33565,Nigeria,West Africa,,12,8,,,,Not stated,Human,,Genomic epidemiology and patterns of antimicrobial resistance of neonatal sepsis in low- and middle-income countries https://barnards-group.com,CARDIFF UNIVERSITY,Acinetobacter baumannii,NZ_UFKS01000070.1,853/1000,0.00393593,10,3540115,90,70856,38.9,2373,0,0,0,0,0,0,0,0,0,0,0,1,0,0,0,0,0,0,0,0,0,0,0,0,0,0,0,0,0,0,0,0,0,0,0,0,0,0,0,0,0,0,0,0,0,0,0,0,0,0,0,0,0,0,0,1,0,0,0,0,0,0,0,0,0,0,0,0,0,0,0,0,0,0,0,0,0,0,0,0,0,0,0,0,0,0,0,0,0,0,0,0,0,0,0,1,0,0,0,0,0,0,0,0,0,0,0,0,0,0,0,0,0,0,0,0,0,0,0,0,0,0,0,0,0,0,0,0,0,0,0,0,0,0,0,0,0,0,0,0
ERR4919993,SAMEA7472417,PRJEB33565,Nigeria,West Africa,,12,8,,,,Not stated,Human,,Genomic epidemiology and patterns of antimicrobial resistance of neonatal sepsis in low- and middle-income countries https://barnards-group.com,CARDIFF UNIVERSITY,Acinetobacter baumannii,NZ_FTRX01000225.1,924/1000,0.00191916,575,3901026,146,51153,39.0,1051,0,0,0,0,0,0,0,0,0,0,1,1,0,0,0,0,0,0,0,0,0,0,0,0,0,0,0,0,0,0,0,0,0,0,0,0,0,0,0,0,0,0,0,0,0,0,0,0,0,0,0,0,0,0,0,1,0,0,0,0,0,0,0,0,0,0,0,0,0,0,0,0,0,0,0,0,0,1,0,0,0,1,0,0,0,0,0,0,0,0,0,0,0,0,0,0,0,0,0,0,0,0,0,0,0,0,0,0,0,0,0,0,0,0,0,0,0,0,0,0,0,0,0,0,0,0,0,0,0,0,0,0,0,0,1,0,0,1,0,0
ERR4920008,SAMEA7472901,PRJEB33565,Rwanda,East Africa,,-1.9,30,,,,Not stated,Human,,Genomic epidemiology and patterns of antimicrobial resistance of neonatal sepsis in low- and middle-income countries https://barnards-group.com,CARDIFF UNIVERSITY,Acinetobacter baumannii,NZ_RHZA01000010.1,919/1000,0.00205363,52,3982841,115,81019,39.1,931,0,0,0,0,0,0,0,0,0,0,1,1,0,0,0,0,0,0,0,0,0,0,0,0,0,0,0,0,0,1,0,0,0,0,0,0,0,0,0,0,0,0,0,0,0,0,0,0,0,0,0,0,0,0,0,0,0,0,0,0,0,0,0,0,0,1,0,0,0,0,1,0,0,0,0,0,0,0,0,0,0,0,0,0,0,0,0,0,0,0,0,0,0,0,0,0,0,0,0,0,0,0,0,0,0,1,0,0,0,0,0,0,1,0,0,0,0,0,0,0,1,0,0,0,1,0,0,0,1,1,0,0,0,0,1,1,0,1,0,0
ERR4920011,SAMEA7472929,PRJEB33565,South Africa,Southern Africa,,-33,18,,,,Not stated,Human,,Genomic epidemiology and patterns of antimicrobial resistance of neonatal sepsis in low- and middle-income countries https://barnards-group.com,CARDIFF UNIVERSITY,Acinetobacter baumannii,NZ_CACRXT010000001.1,980/1000,0.000483446,1,3986311,253,33072,39.4,231,0,0,1,0,0,0,0,0,1,0,0,1,1,1,0,0,0,0,1,1,1,0,1,0,0,0,0,0,0,0,0,0,0,0,0,0,0,0,0,0,0,0,0,0,0,0,0,0,0,0,0,0,0,0,0,0,0,0,0,0,0,0,0,0,0,0,0,0,0,0,1,0,0,0,0,0,0,0,0,0,0,1,0,0,0,0,0,0,0,0,0,0,0,0,0,0,1,0,0,0,0,0,0,0,0,0,0,1,0,0,0,0,1,0,0,0,1,1,0,0,0,0,0,0,0,0,0,0,1,1,0,0,1,1,1,0,0,1,0,0
ERR4920012,SAMEA7472932,PRJEB33565,South Africa,Southern Africa,,-33,18,,,,Not stated,Human,,Genomic epidemiology and patterns of antimicrobial resistance of neonatal sepsis in low- and middle-income countries https://barnards-group.com,CARDIFF UNIVERSITY,Acinetobacter baumannii,NZ_UFMP01000067.1,913/1000,0.00221642,164,3830854,267,26704,39.3,1418,0,0,0,0,0,0,1,0,0,0,1,1,1,0,0,0,0,0,1,0,0,1,1,0,0,0,0,0,0,0,0,0,0,0,0,0,0,0,0,0,0,0,0,0,0,0,0,0,0,0,0,0,0,0,0,0,0,0,0,0,0,0,0,1,0,0,0,0,0,0,0,0,0,0,0,0,0,0,0,0,0,0,0,0,0,0,0,0,0,0,0,0,0,0,0,0,0,0,0,0,0,0,0,1,0,0,0,0,0,0,0,0,0,0,0,0,0,0,0,0,0,0,0,0,0,0,0,0,1,1,0,1,0,1,1,1,0,0,0,0
ERR4920013,SAMEA7472944,PRJEB33565,South Africa,Southern Africa,,-33,18,,,,Not stated,Human,,Genomic epidemiology and patterns of antimicrobial resistance of neonatal sepsis in low- and middle-income countries https://barnards-group.com,CARDIFF UNIVERSITY,Acinetobacter baumannii,NZ_UFMP01000067.1,919/1000,0.00205363,164,3860966,210,33835,39.2,1418,0,0,0,0,0,0,1,0,0,0,1,1,1,0,0,0,0,0,1,0,0,1,1,0,0,0,0,0,0,0,0,0,0,0,0,0,0,0,0,0,0,0,0,0,0,0,0,0,0,0,0,0,0,0,0,0,0,0,0,0,0,0,0,1,0,0,0,0,0,0,0,0,0,0,0,0,0,0,0,0,0,0,0,0,0,0,0,0,0,0,0,0,0,0,0,0,0,0,0,0,0,0,0,1,0,0,0,0,0,0,0,0,0,0,0,0,0,0,0,0,0,0,0,0,0,0,0,0,1,1,0,1,0,1,1,1,0,0,0,0
ERR4999559,SAMEA7725278,PRJEB42042,Libya,North Africa,,27,17,,,W/S,Human clinical,Human,,Acinetobacter baumannii isolated from patients in Libya,University of Cologne,Acinetobacter baumannii,NZ_NIWL01000010.1,808/1000,0.00534606,602,3970963,34,391429,38.9,732,0,0,0,0,0,1,0,0,0,1,1,1,1,0,0,0,1,0,1,0,0,0,0,0,0,0,0,0,0,0,0,0,0,0,0,0,0,0,0,0,0,0,0,0,0,0,0,0,1,0,0,0,0,0,0,0,0,0,0,0,0,0,0,0,0,0,1,0,0,0,0,0,0,0,0,0,0,0,0,0,0,1,0,0,1,0,0,0,0,0,0,0,0,0,0,0,0,0,0,0,0,0,0,0,0,0,0,0,0,0,0,0,0,0,0,1,0,0,0,0,0,0,1,0,0,0,0,0,0,0,0,1,0,1,0,0,0,0,0,0
ERR4999560,SAMEA7725279,PRJEB42042,Libya,North Africa,,27,17,,,Wound,Human clinical,Human,,Acinetobacter baumannii isolated from patients in Libya,University of Cologne,Acinetobacter baumannii,NZ_CP041035.1,959/1000,0.0010072,1,4152712,73,304798,39.0,231,0,0,1,0,0,0,0,0,1,0,0,1,0,1,0,0,1,0,0,0,0,0,0,0,0,0,0,0,0,0,0,0,0,0,1,0,1,0,0,0,0,0,0,0,0,0,0,0,0,0,0,0,0,0,0,0,0,0,0,0,0,0,0,1,0,0,0,0,0,0,0,0,0,0,0,0,0,0,0,0,0,1,0,0,0,0,0,0,0,0,0,0,0,0,0,0,1,0,0,0,0,0,0,0,0,0,0,0,0,0,1,0,0,1,0,0,0,0,0,0,0,0,0,0,0,0,0,0,0,0,0,1,0,1,0,0,1,0,0,0
ERR4999561,SAMEA7725280,PRJEB42042,Libya,North Africa,,27,17,,,Wound,Human clinical,Human,,Acinetobacter baumannii isolated from patients in Libya,University of Cologne,Acinetobacter baumannii,NZ_AMEJ01000001.1,988/1000,0.00028831,1,3976831,51,369555,39.0,945,0,0,0,0,0,1,0,0,0,1,1,1,1,0,0,0,1,0,1,0,0,0,0,0,1,0,0,0,0,0,0,0,0,0,0,0,0,0,0,0,0,0,0,0,0,0,0,0,0,0,0,0,0,0,0,0,0,0,0,0,0,0,0,0,0,0,1,0,0,0,0,0,0,0,0,0,0,0,0,0,0,1,0,0,0,0,0,0,0,0,0,0,0,0,0,0,1,0,0,0,0,0,0,0,0,0,0,0,0,0,0,0,0,0,0,1,0,0,0,0,0,0,1,0,0,0,0,0,0,0,0,1,0,1,0,0,0,0,0,0
ERR4999562,SAMEA7725281,PRJEB42042,Libya,North Africa,,27,17,,,Wound,Human clinical,Human,,Acinetobacter baumannii isolated from patients in Libya,University of Cologne,Acinetobacter baumannii,NZ_AMEJ01000001.1,986/1000,0.000336872,1,3971529,52,319736,39.0,945,0,0,0,0,0,1,0,0,0,1,1,1,1,0,0,0,1,0,1,0,0,0,0,0,1,0,0,0,0,0,0,0,0,0,0,0,0,0,0,0,0,0,0,0,0,0,0,0,0,0,0,0,0,0,0,0,0,0,0,0,0,0,0,0,0,0,1,0,0,0,0,0,0,0,0,0,0,0,0,0,0,1,0,0,0,0,0,0,0,0,0,0,0,0,0,0,1,0,0,0,0,0,0,0,0,0,0,0,0,0,0,0,0,0,0,1,0,0,0,0,0,0,1,0,0,0,0,0,0,0,0,1,0,1,0,0,0,0,0,0
ERR4999563,SAMEA7725282,PRJEB42042,Libya,North Africa,,27,17,,,Wound,Human clinical,Human,,Acinetobacter baumannii isolated from patients in Libya,University of Cologne,Acinetobacter baumannii,NZ_JZCA01000008.1,963/1000,0.000906123999999999,25,4249442,114,76680,38.8,440,0,0,0,0,0,0,0,0,0,0,1,1,1,1,0,0,1,0,1,0,0,0,0,0,0,0,0,0,0,0,0,0,0,0,0,0,0,0,0,0,0,1,0,0,0,0,0,0,0,0,0,0,0,0,0,0,0,0,0,0,0,0,0,0,0,0,0,0,0,0,0,0,0,0,0,0,0,0,0,0,0,1,0,0,0,0,0,0,0,0,0,1,0,0,0,0,0,0,0,0,0,0,0,0,0,0,0,0,0,0,0,0,0,0,0,0,0,0,0,0,0,0,0,0,0,0,0,0,0,0,0,0,0,0,1,0,0,0,0,0
ERR4999564,SAMEA7725283,PRJEB42042,Libya,North Africa,,27,17,,,Wound,Human clinical,Human,,Acinetobacter baumannii isolated from patients in Libya,University of Cologne,Acinetobacter baumannii,NZ_NIWL01000010.1,808/1000,0.00534606,602,3968285,42,329828,38.9,732,0,0,0,0,0,1,0,0,0,1,1,1,1,0,0,0,1,0,1,0,0,0,0,0,0,0,0,0,0,0,0,0,0,0,0,0,0,0,0,0,0,0,0,0,0,0,0,0,1,0,0,0,0,0,0,0,0,0,0,0,0,0,0,0,0,0,1,0,0,0,0,0,0,0,0,0,0,0,0,0,0,1,0,0,1,0,0,0,0,0,0,0,0,0,0,0,0,0,0,0,0,0,0,0,0,0,0,0,0,0,0,0,0,0,0,1,0,0,0,0,0,0,1,0,0,0,0,0,0,0,0,1,0,1,0,0,0,0,0,0
ERR4999566,SAMEA7725357,PRJEB42042,Libya,North Africa,,27,17,,,Urine,Human clinical,Human,,Acinetobacter baumannii isolated from patients in Libya,University of Cologne,Acinetobacter baumannii,NZ_JZCA01000008.1,966/1000,0.000830728,25,4252408,59,165750,38.7,440,0,0,0,0,0,0,0,0,0,0,1,1,1,1,0,0,1,0,1,0,0,0,0,0,0,0,0,0,0,0,0,0,0,0,0,0,0,0,0,0,0,1,0,0,0,0,0,0,0,0,0,0,0,0,0,0,0,0,0,0,0,0,0,0,0,0,0,0,0,0,0,0,0,0,0,0,0,0,0,0,0,1,0,0,0,0,0,0,0,0,0,1,0,0,0,0,0,0,0,0,0,0,0,0,0,0,0,0,0,0,0,0,0,0,0,0,0,0,0,0,0,0,0,0,0,0,0,0,0,0,0,0,0,0,1,0,0,0,0,0
ERR4999567,SAMEA7725358,PRJEB42042,Libya,North Africa,,27,17,,,FC Tip,Human clinical,Human,,Acinetobacter baumannii isolated from patients in Libya,University of Cologne,Acinetobacter baumannii,NZ_AMEJ01000001.1,988/1000,0.00028831,1,3977547,51,369555,39.0,945,0,0,0,0,0,1,0,0,0,1,1,1,1,0,0,0,1,0,1,0,0,0,0,0,0,0,0,0,0,0,0,0,0,0,0,0,0,0,0,0,0,0,0,0,0,0,0,0,0,0,0,0,0,0,0,0,0,0,0,0,0,0,0,0,0,0,1,0,0,0,0,0,0,0,0,0,0,0,0,0,0,1,0,0,0,0,0,0,0,0,0,0,0,0,0,0,1,0,0,0,0,0,0,0,0,0,0,0,0,0,0,0,0,0,0,1,0,0,0,0,0,0,1,0,0,0,0,0,0,0,0,1,0,1,0,0,0,0,0,0
ERR4999568,SAMEA7725359,PRJEB42042,Libya,North Africa,,27,17,,,W/S,Human clinical,Human,,Acinetobacter baumannii isolated from patients in Libya,University of Cologne,Acinetobacter baumannii,NZ_JZCA01000008.1,966/1000,0.000830728,25,4257355,50,209998,38.7,440,0,0,0,0,0,0,0,0,0,0,1,1,1,1,0,0,1,0,1,0,0,0,0,0,0,0,0,0,0,0,0,0,0,0,0,0,0,0,0,0,0,1,0,0,0,0,0,0,0,0,0,0,0,0,0,0,0,0,0,0,0,0,0,0,0,0,0,0,0,0,0,0,0,0,0,0,0,0,0,0,0,1,0,0,0,0,0,0,0,0,0,1,0,0,0,0,0,0,0,0,0,0,0,0,0,0,0,0,0,0,0,0,0,0,0,0,0,0,0,0,0,0,0,0,0,0,0,0,0,0,0,0,0,0,1,0,0,0,0,0
ERR4999569,SAMEA7725360,PRJEB42042,Libya,North Africa,,27,17,,,Blood,Human clinical,Human,,Acinetobacter baumannii isolated from patients in Libya,University of Cologne,Acinetobacter baumannii,NZ_QAGO01000010.1,978/1000,0.000532603,2,3924874,69,164777,39.0,218,0,0,0,0,0,0,0,0,0,0,0,1,1,1,0,0,0,0,1,1,0,0,0,0,0,0,0,0,0,0,0,0,0,0,0,0,0,0,0,0,0,0,0,0,0,0,0,0,0,0,0,0,0,0,1,0,0,0,0,0,0,0,0,0,0,0,0,0,0,0,0,0,0,0,0,0,0,0,0,0,0,1,0,0,0,0,0,0,0,0,0,0,0,1,0,0,0,0,0,0,0,0,0,0,0,0,0,0,0,0,1,0,0,0,0,0,0,0,0,0,0,0,0,0,0,0,0,0,1,1,0,0,0,0,0,0,0,1,0,0
ERR4999570,SAMEA7725361,PRJEB42042,Libya,North Africa,,27,17,,,Blood,Human clinical,Human,,Acinetobacter baumannii isolated from patients in Libya,University of Cologne,Acinetobacter baumannii,NZ_AMFV01000001.1,862/1000,0.00366686,136,4292494,95,168069,38.9,,0,0,0,0,0,0,0,0,0,0,0,1,1,0,0,0,1,1,1,0,0,0,0,0,0,0,0,0,0,0,0,0,0,0,0,0,0,0,0,0,0,0,0,0,0,0,0,0,0,0,0,0,0,0,0,0,0,0,0,0,0,1,0,0,0,0,0,0,0,0,0,1,0,0,0,0,0,0,0,0,0,1,0,0,0,0,0,0,0,0,0,0,0,0,0,0,0,0,0,0,0,0,0,0,0,0,1,0,0,0,0,0,0,0,0,0,0,0,0,0,0,0,0,0,0,0,0,0,1,1,0,0,0,0,1,0,0,1,0,0
ERR4999571,SAMEA7725362,PRJEB42042,Libya,North Africa,,27,17,,,Blood,Human clinical,Human,,Acinetobacter baumannii isolated from patients in Libya,University of Cologne,Acinetobacter baumannii,NZ_LNVD01000001.1,962/1000,0.000931333999999999,2,3984387,168,63787,39.2,286,0,0,0,0,0,0,0,1,0,0,0,1,1,0,0,1,0,0,1,0,0,0,0,0,0,0,0,0,0,0,0,0,0,0,0,0,0,0,0,0,0,0,0,0,0,0,1,0,0,0,0,0,0,0,0,0,0,0,0,0,0,0,0,0,0,0,0,0,0,0,1,0,0,0,0,0,0,0,0,0,0,0,0,0,0,0,0,0,0,0,0,0,0,1,0,0,0,0,0,0,0,0,0,0,0,0,0,0,0,0,1,0,1,0,0,0,0,0,0,0,0,0,0,0,0,0,0,0,0,0,0,1,0,1,1,0,0,1,0,0
ERR4999572,SAMEA7725391,PRJEB42042,Libya,North Africa,,27,17,,,Sputum,Human clinical,Human,,Acinetobacter baumannii isolated from patients in Libya,University of Cologne,Acinetobacter baumannii,NZ_AFDM01000010.1,970/1000,0.000730741,2,4031290,104,136369,39.1,286,0,0,0,0,0,0,0,1,0,0,0,1,1,0,0,1,0,0,1,0,0,0,0,0,0,0,0,0,0,0,0,0,0,0,0,0,0,0,0,0,0,0,0,0,0,0,1,0,0,0,0,0,0,0,0,0,0,0,0,0,0,0,0,0,0,0,0,0,0,0,1,0,0,0,0,0,0,0,0,0,0,0,0,0,0,0,0,0,0,0,0,0,0,1,0,0,0,0,0,0,0,0,0,0,0,0,0,0,0,0,1,0,1,0,0,0,0,0,0,0,0,0,0,0,0,0,0,0,0,0,0,1,0,1,1,0,0,1,0,0
ERR4999574,SAMEA7725393,PRJEB42042,Libya,North Africa,,27,17,,,W/S,Human clinical,Human,,Acinetobacter baumannii isolated from patients in Libya,University of Cologne,Acinetobacter baumannii,NZ_NIWL01000010.1,794/1000,0.00580821,602,3882171,274,31913,39.1,732,0,0,0,0,0,1,0,0,0,1,1,1,1,0,0,0,0,0,1,0,0,0,0,0,0,0,0,0,0,0,0,0,0,0,0,0,0,0,0,0,0,0,0,0,0,0,0,0,1,0,0,0,0,0,0,0,0,0,0,0,0,0,0,0,0,0,1,0,0,0,0,0,0,0,0,0,0,0,0,0,0,1,0,0,1,0,0,0,0,0,0,0,0,0,0,0,0,0,0,0,0,0,0,0,0,0,0,0,0,0,0,0,0,0,0,1,0,0,0,0,0,0,1,0,0,0,0,0,0,0,0,1,0,1,0,0,0,0,0,0
ERR4999575,SAMEA7725394,PRJEB42042,Libya,North Africa,,27,17,,,W/S,Human clinical,Human,,Acinetobacter baumannii isolated from patients in Libya,University of Cologne,Acinetobacter baumannii,NZ_AMFV01000001.1,861/1000,0.00369655,136,4290247,98,209498,38.9,,0,0,0,0,0,0,0,0,0,0,1,1,1,0,0,0,1,1,1,0,0,0,0,0,0,0,0,0,0,0,0,0,0,0,0,0,0,0,0,0,0,0,0,0,0,0,0,0,0,0,0,0,0,0,0,0,0,0,0,0,0,1,0,0,0,0,0,0,0,0,0,1,0,0,0,0,0,0,0,0,0,1,0,0,0,0,0,0,0,0,0,0,0,0,0,0,0,0,0,0,0,0,0,0,0,0,1,0,0,0,0,0,0,0,0,0,0,0,0,0,0,0,0,0,0,0,0,0,1,1,0,0,0,0,1,0,0,1,0,0
ERR4999577,SAMEA7725395,PRJEB42042,Libya,North Africa,,27,17,,,Wound,Human clinical,Human,,Acinetobacter baumannii isolated from patients in Libya,University of Cologne,Acinetobacter baumannii,NZ_AMFV01000001.1,862/1000,0.00366686,,4291326,95,209498,38.9,,0,0,0,0,0,0,0,0,0,0,1,1,1,0,0,0,1,1,1,0,0,0,0,0,0,0,0,0,0,0,0,0,0,0,0,0,0,0,0,0,0,0,0,0,0,0,0,0,0,0,0,0,0,0,0,0,0,0,0,0,0,1,0,0,0,0,0,0,0,0,0,1,0,0,0,0,0,0,0,0,0,1,0,0,0,0,0,0,0,0,0,0,0,0,0,0,0,0,0,0,0,0,0,0,0,0,1,0,0,0,0,0,0,0,0,0,0,0,0,0,0,0,0,0,0,0,0,0,1,1,0,0,0,0,1,0,0,1,0,0
ERR5000113,SAMEA7725421,PRJEB42042,Libya,North Africa,,27,17,,,Wound,Human clinical,Human,,Acinetobacter baumannii isolated from patients in Libya,University of Cologne,Acinetobacter baumannii,NZ_JZCA01000008.1,966/1000,0.000830728,25,4258211,48,209998,38.7,440,0,0,0,0,0,0,0,0,0,0,1,1,1,1,0,0,1,0,1,0,0,0,0,0,0,0,0,0,0,0,0,0,0,0,0,0,0,0,0,0,0,1,0,0,0,0,0,0,0,0,0,0,0,0,0,0,0,0,0,0,0,0,0,0,0,0,0,0,0,0,0,0,0,0,0,0,0,0,0,0,0,1,0,0,0,0,0,0,0,0,0,1,0,0,0,0,0,0,0,0,0,0,0,0,0,0,0,0,0,0,0,0,0,0,0,0,0,0,0,0,0,0,0,0,0,0,0,0,0,0,0,0,0,0,1,0,0,0,0,0
ERR5000114,SAMEA7725422,PRJEB42042,Libya,North Africa,,27,17,,,UVE,Other / unclear,Human,,Acinetobacter baumannii isolated from patients in Libya,University of Cologne,Acinetobacter baumannii,NZ_AFDM01000010.1,970/1000,0.000730741,2,4031383,109,110353,39.1,286,0,0,0,0,0,0,0,1,0,0,0,1,1,0,0,1,0,0,1,0,0,0,0,0,0,0,0,0,0,0,0,0,0,0,0,0,0,0,0,0,0,0,0,0,0,0,1,0,0,0,0,0,0,0,0,0,0,0,0,0,0,0,0,0,0,0,0,0,0,0,1,0,0,0,0,0,0,0,0,0,0,0,0,0,0,0,0,0,0,0,0,0,0,1,0,0,0,0,0,0,0,0,0,0,0,0,0,0,0,0,1,0,1,0,0,0,0,0,0,0,0,0,0,0,0,0,0,0,0,0,0,1,0,1,1,0,0,1,0,0
ERR5000123,SAMEA7725423,PRJEB42042,Libya,North Africa,,27,17,,,Blood,Human clinical,Human,,Acinetobacter baumannii isolated from patients in Libya,University of Cologne,Acinetobacter baumannii,NZ_AMFV01000001.1,851/1000,0.00399629,136,4199616,198,44740,39.0,,0,0,0,0,0,0,0,0,0,0,1,1,1,0,0,0,1,0,1,0,0,0,0,0,0,0,0,0,0,0,0,0,0,0,0,0,0,0,0,0,0,0,0,0,0,0,0,0,0,0,0,0,0,0,0,0,0,0,0,0,0,1,0,0,0,0,0,0,0,0,0,1,0,0,0,0,0,0,0,0,0,1,0,0,0,0,0,0,0,0,0,0,0,0,0,0,0,0,0,0,0,0,0,0,0,0,1,0,0,0,0,0,0,0,0,0,0,0,0,0,0,0,0,0,0,0,0,0,1,1,0,0,0,0,1,0,0,1,0,0
ERR5000189,SAMEA7725432,PRJEB42042,Libya,North Africa,,27,17,,,Wound,Human clinical,Human,,Acinetobacter baumannii isolated from patients in Libya,University of Cologne,Acinetobacter baumannii,NZ_UCQE02000001.1,942/1000,0.00144387,2,3757187,81,99416,39.0,425,0,0,0,0,0,0,0,1,0,0,0,1,1,0,0,0,0,0,1,0,0,0,1,0,0,0,0,0,0,0,0,0,0,0,0,0,0,0,0,0,0,0,0,0,0,0,0,0,0,0,0,0,0,0,0,0,0,0,0,0,0,0,0,0,0,0,0,0,0,0,0,0,0,0,0,0,0,0,0,0,0,0,0,0,0,0,0,0,0,0,0,0,0,1,0,0,0,0,0,0,0,0,0,0,0,0,0,0,0,0,1,0,0,0,0,0,0,0,0,0,0,0,0,0,0,0,0,0,0,0,0,1,0,1,1,0,0,1,0,0
ERR5000190,SAMEA7725433,PRJEB42042,Libya,North Africa,,27,17,,,Wound,Human clinical,Human,,Acinetobacter baumannii isolated from patients in Libya,University of Cologne,Acinetobacter baumannii,NZ_WIHX01000010.1,938/1000,0.00154832,2,3901273,172,52398,38.9,208,0,0,0,0,0,0,0,0,0,0,0,1,0,1,0,0,1,0,0,1,0,0,0,0,0,0,0,0,0,0,0,0,0,0,0,0,0,0,0,0,0,0,0,0,0,0,0,0,0,0,0,0,0,0,1,0,0,0,0,0,0,0,0,0,0,0,0,0,0,0,0,0,0,0,0,0,0,0,0,0,0,1,0,0,0,0,0,0,0,0,0,0,0,1,0,0,0,0,0,0,0,0,0,0,0,0,0,0,0,0,1,0,0,0,0,0,0,0,0,0,0,0,0,0,0,0,0,0,1,1,0,0,0,0,0,0,0,0,0,0
ERR5000204,SAMEA7725434,PRJEB42042,Libya,North Africa,,27,17,,,Throat/s,Human clinical,Human,,Acinetobacter baumannii isolated from patients in Libya,University of Cologne,Acinetobacter baumannii,NZ_AMFV01000001.1,853/1000,0.00393593,136,4249808,214,38733,39.0,,0,0,0,0,0,0,0,0,0,0,1,1,1,0,0,0,0,1,1,0,0,0,0,0,0,0,0,0,0,0,0,0,0,0,0,0,0,0,0,0,0,0,0,0,0,0,0,0,0,0,0,0,0,0,0,0,0,0,0,0,0,1,0,0,0,0,0,0,0,0,0,1,0,0,0,0,0,0,0,0,0,1,0,0,0,0,0,0,0,0,0,0,0,0,0,0,0,0,0,0,0,0,0,0,0,0,1,0,0,0,0,0,0,0,0,0,0,0,0,0,0,0,0,0,0,0,0,0,1,1,0,0,0,0,1,0,0,1,0,0
ERR5205865,SAMEA7886638,PRJEB42731,Egypt,North Africa,,26,29,,,,Not stated,Human,,"Acinetobacter baumannii isolated from patients hospitalised in Cairo, Egypt",University of Cologne,Acinetobacter baumannii,NZ_LYNI01000001.1,971/1000,0.000705841,2,3919491,114,72921,39.1,195,0,0,0,0,1,0,0,0,1,0,0,1,1,0,0,0,0,0,1,1,0,0,0,0,0,0,0,0,0,0,0,0,0,0,0,0,0,0,0,0,0,0,0,0,0,0,0,0,0,0,0,0,0,0,1,0,0,0,0,0,0,0,0,0,0,0,0,0,0,0,0,0,0,0,0,0,0,0,0,0,0,1,0,0,0,0,0,0,0,0,0,0,0,1,0,0,0,0,0,0,0,0,0,0,0,0,0,0,0,0,1,0,0,0,1,0,0,0,0,0,0,0,0,0,0,0,0,0,1,1,0,1,0,1,0,0,0,1,0,0
ERR5205866,SAMEA7886639,PRJEB42731,Egypt,North Africa,,26,29,,,,Not stated,Human,,"Acinetobacter baumannii isolated from patients hospitalised in Cairo, Egypt",University of Cologne,Acinetobacter baumannii,NZ_NGHL01000078.1,949/1000,0.00126265,2,4040433,110,130061,39.1,218,0,0,0,0,0,0,0,1,0,0,0,1,1,1,0,1,0,0,1,0,0,0,0,0,0,0,0,0,0,0,0,0,0,0,0,0,0,0,0,0,0,0,0,0,0,0,1,0,0,0,0,0,0,0,0,0,0,0,0,0,0,0,0,0,0,0,0,0,0,0,1,0,0,0,0,0,0,0,0,0,0,0,0,0,0,0,0,0,0,0,0,0,0,1,0,0,0,0,0,0,0,0,0,0,0,0,0,0,0,0,1,0,1,0,0,0,0,0,0,0,0,0,0,0,0,0,0,0,0,0,0,1,0,1,1,0,0,1,0,0
ERR5205867,SAMEA7886640,PRJEB42731,Egypt,North Africa,,26,29,,,,Not stated,Human,,"Acinetobacter baumannii isolated from patients hospitalised in Cairo, Egypt",University of Cologne,Acinetobacter baumannii,NZ_SMUB01000100.1,900/1000,0.00257463,158,4108932,46,349682,38.9,499,0,0,0,0,0,1,0,0,0,0,0,1,0,0,0,0,1,0,0,0,0,0,0,0,0,1,0,0,0,0,0,0,0,0,0,0,0,0,0,0,0,0,0,0,0,0,0,0,0,0,0,0,0,0,0,0,0,0,0,0,0,0,0,0,0,0,0,1,0,0,0,0,0,0,0,0,0,0,0,0,0,1,0,0,0,0,0,0,0,0,0,0,1,0,0,0,0,0,0,0,0,0,0,0,0,0,0,0,0,0,0,0,0,0,0,0,0,0,0,0,0,0,1,0,0,0,0,0,1,1,0,1,0,1,0,0,0,0,0,0
ERR5205868,SAMEA7886641,PRJEB42731,Egypt,North Africa,,26,29,,,,Not stated,Human,,"Acinetobacter baumannii isolated from patients hospitalised in Cairo, Egypt",University of Cologne,Acinetobacter baumannii,NZ_NGHL01000078.1,949/1000,0.00126265,2,4040526,114,130063,39.1,218,0,0,0,0,0,0,0,1,0,0,0,1,1,1,0,1,0,0,1,0,0,0,0,0,0,0,0,0,0,0,0,0,0,0,0,0,0,0,0,0,0,0,0,0,0,0,1,0,0,0,0,0,0,0,0,0,0,0,0,0,0,0,0,0,0,0,0,0,0,0,1,0,0,0,0,0,0,0,0,0,0,0,0,0,0,0,0,0,0,0,0,0,0,1,0,0,0,0,0,0,0,0,0,0,0,0,0,0,0,0,1,0,1,0,0,0,0,0,0,0,0,0,0,0,0,0,0,0,0,0,0,1,0,1,1,0,0,1,0,0
ERR5205869,SAMEA7886642,PRJEB42731,Egypt,North Africa,,26,29,,,,Not stated,Human,,"Acinetobacter baumannii isolated from patients hospitalised in Cairo, Egypt",University of Cologne,Acinetobacter baumannii,NZ_LYNI01000001.1,973/1000,0.000656153999999999,2,3849043,64,161413,39.0,1295,0,0,0,0,1,0,0,0,1,0,0,1,1,0,0,0,0,0,1,1,0,0,0,0,0,0,0,0,0,0,0,0,0,0,0,0,0,0,0,0,0,0,0,0,0,0,0,0,0,0,0,0,0,0,1,0,0,0,0,0,0,0,0,0,0,0,0,0,0,0,0,0,0,0,0,0,0,0,0,0,0,1,0,0,0,0,0,0,0,0,0,0,0,1,0,0,0,0,0,0,0,0,0,0,0,0,0,0,0,0,1,0,0,0,1,0,0,0,0,0,0,0,0,0,0,0,0,0,1,1,0,1,0,1,0,0,0,1,0,0
ERR5205871,SAMEA7886644,PRJEB42731,Egypt,North Africa,,26,29,,,,Not stated,Human,,"Acinetobacter baumannii isolated from patients hospitalised in Cairo, Egypt",University of Cologne,Acinetobacter baumannii,NZ_WIID01000010.1,912/1000,0.00224371,2,3957490,61,131672,38.9,,0,0,0,0,0,1,0,0,1,0,0,1,1,1,0,0,1,0,1,1,0,0,0,0,0,0,0,0,0,0,0,0,0,0,0,0,0,0,0,0,0,0,0,0,0,0,0,0,0,0,0,0,0,0,0,0,0,0,0,1,0,0,0,0,0,0,0,1,0,0,0,0,0,0,0,0,0,0,0,0,0,1,0,0,0,0,0,0,0,0,0,0,0,1,0,0,0,0,0,0,0,0,0,0,0,0,0,0,0,0,0,0,0,0,1,0,0,0,0,0,0,0,1,0,0,0,0,0,1,1,0,1,0,1,0,0,0,1,0,0
ERR6938061,SAMEA7486960,PRJEB29739,Nigeria,West Africa,,9.081999,8.675277,2018-11-17,2018,,Not stated,,,NIHR_Global_Health_Research_Unit_on_Genomic_Surveillance_of_Antimicrobial_Resistance,Wellcome Sanger Institute;SC,Acinetobacter baumannii,NZ_CP021345.1,910/1000,0.00229842,149,4273327,71,210079,38.8,862,0,0,0,0,0,0,0,0,0,0,0,1,1,0,0,0,1,0,1,1,1,0,0,0,0,0,0,0,0,0,0,0,0,0,0,0,0,0,0,0,0,1,0,0,0,0,0,0,0,0,0,0,0,0,0,0,0,0,0,0,0,0,0,0,0,0,0,0,0,0,1,0,0,1,0,0,0,0,0,0,0,1,0,0,0,0,0,0,0,0,0,0,0,0,0,0,0,0,0,0,0,0,0,0,0,0,0,0,0,0,0,0,1,0,0,0,1,0,0,0,0,1,0,0,0,1,0,0,1,1,0,1,0,1,1,0,0,0,0,0
ERR6938074,SAMEA7486792,PRJEB29739,Nigeria,West Africa,,9.081999,8.675277,2021,2021,,Not stated,,,NIHR_Global_Health_Research_Unit_on_Genomic_Surveillance_of_Antimicrobial_Resistance,Wellcome Sanger Institute;SC,Acinetobacter baumannii,NZ_CP021347.1,720/1000,0.00846101,1866,3765011,175,49870,39.0,,0,0,0,0,0,0,0,0,0,0,0,1,0,0,0,0,0,0,0,0,0,0,0,0,0,0,0,0,0,0,0,0,0,0,0,0,0,0,0,0,0,0,0,0,0,0,0,0,1,0,0,0,0,0,0,0,0,0,0,0,0,0,0,0,0,0,0,0,0,0,0,0,0,0,0,0,0,0,0,0,0,0,0,0,0,0,0,0,0,0,0,0,1,0,0,0,0,0,0,0,0,0,0,0,0,0,0,0,0,0,0,0,0,0,0,0,0,0,0,0,0,0,0,0,0,0,0,0,0,0,0,0,0,0,0,0,0,0,0,0
ERR6938077,SAMEA7486795,PRJEB29739,Nigeria,West Africa,,9.081999,8.675277,2021,2021,,Not stated,,,NIHR_Global_Health_Research_Unit_on_Genomic_Surveillance_of_Antimicrobial_Resistance,Wellcome Sanger Institute;SC,Acinetobacter baumannii,NZ_CVLE01000001.1,943/1000,0.00141786,409,3865850,62,148272,39.0,2452,0,0,1,0,0,0,0,0,1,0,0,1,0,0,0,0,1,0,0,0,0,0,0,0,0,0,0,0,0,0,0,0,0,0,0,0,0,0,0,0,0,0,0,0,0,0,0,0,0,0,0,0,0,0,0,0,1,0,0,0,0,0,0,0,0,0,0,0,0,0,0,0,0,0,0,0,0,0,0,0,0,1,0,0,0,0,0,0,0,0,0,0,0,0,0,0,1,0,0,0,0,0,0,0,0,0,0,0,0,0,0,0,0,0,0,0,0,0,0,0,0,0,0,0,0,0,0,0,0,0,0,1,0,1,0,0,0,0,0,0
ERR6938084,SAMEA7486797,PRJEB29739,Nigeria,West Africa,,9.081999,8.675277,2019-01-11,2019,,Not stated,,,NIHR_Global_Health_Research_Unit_on_Genomic_Surveillance_of_Antimicrobial_Resistance,Wellcome Sanger Institute;SC,Acinetobacter baumannii,NZ_UFMX01000031.1,924/1000,0.00191916,16,3987863,43,291485,39.0,2453,0,0,0,0,0,0,0,0,0,0,1,1,0,1,0,0,0,0,1,0,0,0,0,0,0,0,0,0,0,0,0,0,1,0,0,0,0,0,0,0,0,0,0,0,0,0,0,0,0,0,0,0,0,0,0,0,0,0,0,0,0,0,0,0,0,0,0,0,0,0,0,0,0,0,0,0,0,0,0,0,0,0,0,0,0,1,0,1,0,0,0,0,0,0,0,0,0,0,0,0,0,0,0,0,0,0,0,0,0,0,0,0,0,0,0,0,0,0,1,0,0,0,0,0,0,0,0,0,1,1,0,0,0,0,1,1,0,0,0,0
ERR6938087,SAMEA7486799,PRJEB29739,Nigeria,West Africa,,9.081999,8.675277,2018-10-17,2018,,Not stated,,,NIHR_Global_Health_Research_Unit_on_Genomic_Surveillance_of_Antimicrobial_Resistance,Wellcome Sanger Institute;SC,Acinetobacter baumannii,NZ_UFKG01000087.1,924/1000,0.00191916,164,3953325,45,209352,39.0,1418,0,0,0,0,0,0,0,0,0,0,1,1,0,0,0,0,0,0,0,0,0,0,0,0,0,0,0,0,0,0,0,0,0,0,0,0,0,0,0,0,0,0,0,0,0,0,0,0,0,0,0,1,0,0,0,0,0,0,0,0,0,0,0,1,0,0,0,0,0,0,0,0,0,0,0,0,0,0,0,0,0,0,0,0,0,0,0,0,0,0,0,0,0,0,0,0,0,0,0,0,0,0,0,1,0,0,0,0,0,0,0,0,0,0,0,0,0,0,0,0,0,0,0,0,0,0,0,0,0,0,0,0,0,0,1,1,0,0,0,0
ERR6938090,SAMEA7486800,PRJEB29739,Nigeria,West Africa,,9.081999,8.675277,2018-11-04,2018,,Not stated,,,NIHR_Global_Health_Research_Unit_on_Genomic_Surveillance_of_Antimicrobial_Resistance,Wellcome Sanger Institute;SC,Acinetobacter baumannii,NZ_CP021345.1,910/1000,0.00229842,149,4271459,68,210079,38.8,862,0,0,0,0,0,0,0,0,0,0,0,1,1,0,0,0,1,0,1,1,1,0,0,0,0,0,0,0,0,0,0,0,0,0,0,0,0,0,0,0,0,1,0,0,0,0,0,0,0,0,0,0,0,0,0,0,0,0,0,0,0,0,0,0,0,0,0,0,0,0,1,0,0,1,0,0,0,0,0,0,0,1,0,0,0,0,0,0,0,0,0,0,0,0,0,0,0,0,0,0,0,0,0,0,0,0,0,0,0,0,0,0,1,0,0,0,1,0,0,0,0,1,0,0,0,1,0,0,1,1,0,1,0,1,1,0,0,0,0,0
ERR6938093,SAMEA7486802,PRJEB29739,Nigeria,West Africa,,9.081999,8.675277,2019-01-09,2019,,Not stated,,,NIHR_Global_Health_Research_Unit_on_Genomic_Surveillance_of_Antimicrobial_Resistance,Wellcome Sanger Institute;SC,Acinetobacter baumannii,NZ_CP021347.1,720/1000,0.00846101,1866,3764647,175,49870,39.0,,0,0,0,0,0,0,0,0,0,0,0,1,0,0,0,0,0,0,0,0,0,0,0,0,0,0,0,0,0,0,0,0,0,0,0,0,0,0,0,0,0,0,0,0,0,0,0,0,1,0,0,0,0,0,0,0,0,0,0,0,0,0,0,0,0,0,0,0,0,0,0,0,0,0,0,0,0,0,0,0,0,0,0,0,0,0,0,0,0,0,0,0,1,0,0,0,0,0,0,0,0,0,0,0,0,0,0,0,0,0,0,0,0,0,0,0,0,0,0,0,0,0,0,0,0,0,0,0,0,0,0,0,0,0,0,0,0,0,0,0
ERR6938096,SAMEA7486803,PRJEB29739,Nigeria,West Africa,,9.081999,8.675277,2019-04-09,2019,,Not stated,,,NIHR_Global_Health_Research_Unit_on_Genomic_Surveillance_of_Antimicrobial_Resistance,Wellcome Sanger Institute;SC,Acinetobacter baumannii,NZ_JEXR01000001.1,899/1000,0.0026025,32,4000573,53,222381,39.0,930,0,0,0,0,0,0,0,0,0,0,1,1,1,0,0,0,1,0,1,0,0,0,0,0,0,0,0,0,0,0,0,0,0,0,0,0,0,0,0,0,0,0,0,0,0,0,0,0,0,0,0,0,0,0,0,0,0,1,0,0,0,0,0,0,0,0,0,0,0,0,1,0,1,0,0,0,0,0,0,0,0,0,0,0,0,0,0,0,0,0,0,0,0,0,0,0,0,0,0,0,0,0,0,0,0,0,0,0,0,0,0,0,1,0,0,0,0,0,0,0,0,0,0,0,0,0,0,0,0,0,0,0,0,0,1,0,0,0,0,0
ERR6938099,SAMEA7486804,PRJEB29739,Nigeria,West Africa,,9.081999,8.675277,2018-02-07,2018,,Not stated,,,NIHR_Global_Health_Research_Unit_on_Genomic_Surveillance_of_Antimicrobial_Resistance,Wellcome Sanger Institute;SC,Acinetobacter baumannii,NZ_RFBW01000009.1,868/1000,0.00348975,2,3946705,68,177706,39.2,2349,1,0,1,0,0,0,0,0,1,0,0,1,1,1,0,0,0,0,1,0,0,0,0,0,0,0,0,0,0,0,0,0,0,0,0,0,0,0,0,0,1,0,0,0,0,0,0,0,0,0,0,0,0,0,0,0,0,0,0,0,0,0,0,0,0,0,0,0,0,0,1,0,0,0,0,0,0,0,0,0,0,0,0,0,0,0,0,0,0,0,0,0,0,1,0,0,0,0,0,0,0,0,0,0,0,0,0,0,0,0,1,0,1,1,0,0,0,1,0,0,0,0,0,0,1,0,0,0,1,1,0,1,1,1,0,0,0,1,0,0
ERR6938111,SAMEA7486798,PRJEB29739,Nigeria,West Africa,,9.081999,8.675277,2019-02-18,2019,,Not stated,,,NIHR_Global_Health_Research_Unit_on_Genomic_Surveillance_of_Antimicrobial_Resistance,Wellcome Sanger Institute;SC,Acinetobacter baumannii,NZ_CVLD01000001.1,960/1000,0.000981871,409,3940971,55,189721,39.0,2452,0,0,1,0,0,0,0,0,1,0,0,1,0,0,0,0,1,0,0,0,0,0,0,0,0,0,0,0,0,0,0,0,0,0,0,0,0,0,0,0,0,0,0,0,0,0,0,0,0,0,0,0,0,0,0,0,1,0,0,0,0,0,0,0,0,0,0,0,0,0,0,0,0,0,0,0,0,0,0,0,0,1,0,0,0,0,0,0,0,0,0,0,0,0,0,0,1,0,0,0,0,0,0,0,0,0,0,0,0,0,0,0,0,0,0,0,0,0,0,0,0,0,0,0,0,0,0,0,0,0,0,1,0,1,0,0,0,0,0,0
ERR6938114,SAMEA7486801,PRJEB29739,Nigeria,West Africa,,9.081999,8.675277,2018-11-04,2018,,Not stated,,,NIHR_Global_Health_Research_Unit_on_Genomic_Surveillance_of_Antimicrobial_Resistance,Wellcome Sanger Institute;SC,Acinetobacter baumannii,NZ_CP021345.1,910/1000,0.00229842,149,4271123,66,210079,38.8,862,0,0,0,0,0,0,0,0,0,0,0,1,1,0,0,0,1,0,1,1,1,0,0,0,0,0,0,0,0,0,0,0,0,0,0,0,0,0,0,0,0,1,0,0,0,0,0,0,0,0,0,0,0,0,0,0,0,0,0,0,0,0,0,0,0,0,0,0,0,0,1,0,0,1,0,0,0,0,0,0,0,1,0,0,0,0,0,0,0,0,0,0,0,0,0,0,0,0,0,0,0,0,0,0,0,0,0,0,0,0,0,0,1,0,0,0,1,0,0,0,0,1,0,0,0,1,0,0,1,1,0,1,0,1,1,0,0,0,0,0
ERR6938153,SAMEA7486831,PRJEB29739,Nigeria,West Africa,,9.081999,8.675277,2018-11-11,2018,,Not stated,,,NIHR_Global_Health_Research_Unit_on_Genomic_Surveillance_of_Antimicrobial_Resistance,Wellcome Sanger Institute;SC,Acinetobacter baumannii,NZ_UFKC01000171.1,890/1000,0.0028554,203,3859883,202,47673,39.0,,0,0,0,0,0,0,0,0,0,0,0,1,0,0,0,0,0,0,0,0,0,0,0,0,0,0,0,0,0,0,0,0,0,0,0,0,0,0,0,0,0,0,0,0,0,0,0,0,0,0,0,0,0,0,0,0,0,0,0,0,0,0,0,0,0,0,0,0,0,0,0,0,0,0,0,0,0,0,0,0,0,0,0,0,0,0,0,0,0,0,0,0,0,0,0,0,0,0,0,0,0,0,0,0,0,0,0,0,0,0,0,0,0,0,0,0,0,0,0,0,0,0,0,0,0,0,0,0,0,0,0,0,0,0,1,0,0,0,0,0
ERR6938409,SAMEA8595430,PRJEB29739,Nigeria,West Africa,,9.081999,8.675277,2020-11-07,2020,,Not stated,,,NIHR_Global_Health_Research_Unit_on_Genomic_Surveillance_of_Antimicrobial_Resistance,Wellcome Sanger Institute;SC,Acinetobacter baumannii,NZ_MPCA01000001.1,980/1000,0.000483446,85,4027847,63,159736,38.9,1089,0,0,0,0,0,0,0,0,0,0,1,1,0,0,0,1,0,0,0,0,0,0,0,0,0,0,0,0,0,0,0,0,0,0,0,0,0,0,0,0,0,0,0,0,0,0,0,0,0,0,0,0,0,0,0,0,0,0,0,0,0,0,0,0,0,0,0,0,0,0,1,0,0,0,0,0,0,0,0,0,0,0,0,0,0,0,0,0,0,0,0,0,0,0,0,0,0,0,0,0,0,0,0,0,1,0,0,0,0,0,0,0,1,0,0,0,0,0,0,0,0,0,0,0,0,0,0,0,1,1,0,0,0,0,1,0,0,0,0,0
ERR6938479,SAMEA8595628,PRJEB29739,Nigeria,West Africa,,9.081999,8.675277,2020-10-06,2020,,Not stated,,,NIHR_Global_Health_Research_Unit_on_Genomic_Surveillance_of_Antimicrobial_Resistance,Wellcome Sanger Institute;SC,Acinetobacter baumannii,NZ_VHHD01000001.1,909/1000,0.00232584,267,3883481,71,111747,39.0,942,0,0,0,0,0,0,0,0,0,1,1,1,1,0,0,0,0,0,1,0,0,0,0,0,0,0,0,0,0,0,0,0,0,0,0,0,0,0,0,0,0,0,0,0,0,1,0,0,0,0,0,0,0,0,0,0,0,0,0,0,0,0,0,0,1,0,0,0,0,0,0,0,0,0,0,0,0,0,1,0,0,0,0,0,0,0,0,0,0,0,0,0,0,0,0,0,0,0,0,0,0,0,0,0,0,0,0,0,0,0,0,0,0,0,0,0,0,0,0,0,0,1,0,0,1,1,0,0,0,0,0,0,0,0,1,0,0,1,1,0
ERR6938729,SAMEA9651909,PRJEB29739,Nigeria,West Africa,,9.081999,8.675277,2020,2020,,Not stated,,,NIHR_Global_Health_Research_Unit_on_Genomic_Surveillance_of_Antimicrobial_Resistance,Wellcome Sanger Institute;SC,Acinetobacter baumannii,NZ_SMUC01000100.1,970/1000,0.000730741,25,4154799,81,131055,39.0,229,0,1,0,1,0,0,0,0,0,0,0,1,1,0,0,0,0,0,1,1,1,0,0,0,0,0,0,0,0,0,0,0,0,0,0,0,0,0,0,0,0,1,0,0,0,0,0,0,0,0,0,0,0,0,0,0,0,0,0,0,0,0,0,0,0,0,0,0,0,0,0,0,0,0,0,0,0,0,0,0,0,1,0,0,0,0,0,0,0,0,0,1,0,0,0,0,0,0,0,0,0,0,0,0,0,0,0,1,0,0,0,0,0,0,0,0,1,0,0,0,0,1,0,0,0,0,0,0,1,1,0,1,0,1,1,0,0,1,0,0
ERR6938731,SAMEA9651911,PRJEB29739,Nigeria,West Africa,,9.081999,8.675277,2020,2020,,Not stated,,,NIHR_Global_Health_Research_Unit_on_Genomic_Surveillance_of_Antimicrobial_Resistance,Wellcome Sanger Institute;SC,Acinetobacter baumannii,NZ_SMUC01000100.1,945/1000,0.00136596,25,4029953,69,131054,39.0,229,0,0,0,0,0,0,0,0,0,0,0,1,0,0,0,0,0,0,0,1,1,0,0,0,0,0,0,0,0,0,0,0,0,0,0,0,0,0,0,0,0,1,0,0,0,0,0,0,0,0,0,0,0,0,0,0,0,0,0,0,0,0,0,0,0,0,0,0,0,0,0,0,0,0,0,0,0,0,0,0,0,1,0,0,0,0,0,0,0,0,0,1,0,0,0,0,0,0,0,0,0,0,0,0,0,0,0,1,0,0,0,0,0,0,0,0,1,0,0,0,0,1,0,0,0,0,0,0,1,1,0,1,0,1,1,0,0,0,0,0
ERR6938732,SAMEA9651912,PRJEB29739,Nigeria,West Africa,,9.081999,8.675277,2020,2020,,Not stated,,,NIHR_Global_Health_Research_Unit_on_Genomic_Surveillance_of_Antimicrobial_Resistance,Wellcome Sanger Institute;SC,Acinetobacter baumannii,NZ_SMUC01000100.1,966/1000,0.000830728,25,4125221,116,131053,39.0,229,0,1,0,1,0,0,0,0,0,0,0,1,1,0,0,0,0,0,1,1,1,0,0,0,0,0,0,0,0,0,0,0,0,0,0,0,0,0,0,0,0,1,0,0,0,0,0,0,0,0,0,0,0,0,0,0,0,0,0,0,0,0,0,0,0,0,0,0,0,0,0,0,0,0,0,0,0,0,0,0,0,1,0,0,0,0,0,0,0,0,0,1,0,0,0,0,0,0,0,0,0,0,0,0,0,0,0,1,0,0,0,0,0,0,0,0,1,0,0,0,0,1,0,0,0,0,0,0,1,1,0,1,0,1,1,0,0,0,0,0
ERR6938733,SAMEA9651919,PRJEB29739,Nigeria,West Africa,,9.081999,8.675277,2020,2020,,Not stated,,,NIHR_Global_Health_Research_Unit_on_Genomic_Surveillance_of_Antimicrobial_Resistance,Wellcome Sanger Institute;SC,Acinetobacter baumannii,NZ_MPCA01000001.1,978/1000,0.000532603,85,4016486,101,115501,38.9,1089,0,0,0,0,0,0,0,0,0,0,1,1,0,0,0,1,0,0,0,0,0,0,0,0,0,0,0,0,0,0,0,0,0,0,0,0,0,0,0,0,0,0,0,0,0,0,0,0,0,0,0,0,0,0,0,0,0,0,0,0,0,0,0,0,0,0,0,0,0,0,1,0,0,0,0,0,0,0,0,0,0,0,0,0,0,0,0,0,0,0,0,0,0,0,0,0,0,0,0,0,0,0,0,0,1,0,0,0,0,0,0,0,1,0,0,0,0,0,0,0,0,0,0,0,0,0,0,0,1,1,0,0,0,0,1,0,0,0,0,0
ERR6938734,SAMEA9651922,PRJEB29739,Nigeria,West Africa,,9.081999,8.675277,2020,2020,,Not stated,,,NIHR_Global_Health_Research_Unit_on_Genomic_Surveillance_of_Antimicrobial_Resistance,Wellcome Sanger Institute;SC,Acinetobacter baumannii,NZ_VHEH01000001.1,865/1000,0.00357808,10,3891293,98,116584,38.9,2151,0,0,0,0,0,0,0,0,0,0,0,1,0,0,0,0,0,0,0,0,0,0,0,0,0,0,0,0,0,0,0,0,0,0,0,0,0,0,0,0,0,0,0,0,0,0,0,0,0,0,0,0,0,0,0,1,0,0,0,0,0,0,0,0,0,0,0,0,0,0,0,0,0,0,0,0,0,0,0,0,0,1,0,0,0,0,0,0,0,0,0,0,0,0,0,1,0,0,0,0,0,0,0,0,0,0,0,0,0,0,0,0,0,0,0,0,0,0,0,0,0,0,0,0,0,0,0,0,0,0,0,0,0,0,0,0,0,0,0,0
ERR6938735,SAMEA9651923,PRJEB29739,Nigeria,West Africa,,9.081999,8.675277,2020,2020,,Not stated,,,NIHR_Global_Health_Research_Unit_on_Genomic_Surveillance_of_Antimicrobial_Resistance,Wellcome Sanger Institute;SC,Acinetobacter baumannii,NZ_VHEH01000001.1,865/1000,0.00357808,10,3893143,91,122755,38.9,2151,0,0,0,0,0,0,0,0,0,0,0,1,0,0,0,0,0,0,0,0,0,0,1,0,0,0,0,0,0,0,0,0,0,0,0,0,0,0,0,0,0,0,0,0,0,0,0,0,0,0,0,0,0,0,0,0,0,0,0,0,0,0,0,0,0,0,0,0,0,0,0,0,0,0,0,0,0,0,0,0,0,1,0,0,0,0,0,0,0,0,0,0,0,0,0,1,0,0,0,0,0,0,0,0,0,0,0,0,0,0,0,0,0,0,0,0,0,0,0,0,0,0,0,0,0,0,0,0,0,0,0,0,0,0,0,0,0,0,0,0
ERR6938736,SAMEA9651921,PRJEB29739,Nigeria,West Africa,,9.081999,8.675277,2019-05-14,2019,,Not stated,,,NIHR_Global_Health_Research_Unit_on_Genomic_Surveillance_of_Antimicrobial_Resistance,Wellcome Sanger Institute;SC,Acinetobacter baumannii,NZ_VHEH01000001.1,865/1000,0.00357808,10,3894349,92,122755,38.9,2151,0,0,0,0,0,0,0,0,0,0,0,1,0,0,0,0,0,0,0,0,0,0,0,0,0,0,0,0,0,0,0,0,0,0,0,0,0,0,0,0,0,0,0,0,0,0,0,0,0,0,0,0,0,0,0,1,0,0,0,0,0,0,0,0,0,0,0,0,0,0,0,0,0,0,0,0,0,0,0,0,0,1,0,0,0,0,0,0,0,0,0,0,0,0,0,1,0,0,0,0,0,0,0,0,0,0,0,0,0,0,0,0,0,0,0,0,0,0,0,0,0,0,0,0,0,0,0,0,0,0,0,0,0,0,0,0,0,0,0,0
ERR6938739,SAMEA9651929,PRJEB29739,Nigeria,West Africa,,9.081999,8.675277,2020,2020,,Not stated,,,NIHR_Global_Health_Research_Unit_on_Genomic_Surveillance_of_Antimicrobial_Resistance,Wellcome Sanger Institute;SC,Acinetobacter baumannii,NZ_UFMX01000031.1,933/1000,0.00167981,16,3913533,33,414693,38.9,2453,0,0,0,0,0,0,0,0,0,0,1,1,1,1,0,0,0,0,1,0,0,0,0,0,0,0,0,0,0,0,0,0,1,0,0,0,0,0,0,0,0,0,0,0,0,0,0,0,0,0,0,0,0,0,0,0,0,0,0,0,0,0,0,0,0,0,0,0,0,0,0,0,0,0,0,0,0,0,0,0,0,0,0,0,0,1,0,1,0,0,0,0,0,0,0,0,0,0,0,0,0,0,0,0,0,0,0,0,0,0,0,0,0,0,0,0,0,0,1,0,0,0,0,0,0,0,0,0,1,1,0,0,0,0,1,1,0,0,0,0
ERR6938740,SAMEA9651927,PRJEB29739,Nigeria,West Africa,,9.081999,8.675277,2020,2020,,Not stated,,,NIHR_Global_Health_Research_Unit_on_Genomic_Surveillance_of_Antimicrobial_Resistance,Wellcome Sanger Institute;SC,Acinetobacter baumannii,NZ_UFMX01000031.1,933/1000,0.00167981,16,3915581,30,414892,38.9,2453,0,0,0,0,0,0,0,0,0,0,1,1,0,1,0,0,0,0,1,0,0,0,0,0,0,0,0,0,0,0,0,0,1,0,0,0,0,0,0,0,0,0,0,0,0,0,0,0,0,0,0,0,0,0,0,0,0,0,0,0,0,0,0,0,0,0,0,0,0,0,0,0,0,0,0,0,0,0,0,0,0,0,0,0,0,1,0,1,0,0,0,0,0,0,0,0,0,0,0,0,0,0,0,0,0,0,0,0,0,0,0,0,0,0,0,0,0,0,1,0,0,0,0,0,0,0,0,0,1,1,0,0,0,0,1,1,0,0,0,0
ERR6938741,SAMEA9651926,PRJEB29739,Nigeria,West Africa,,9.081999,8.675277,2020,2020,,Not stated,,,NIHR_Global_Health_Research_Unit_on_Genomic_Surveillance_of_Antimicrobial_Resistance,Wellcome Sanger Institute;SC,Acinetobacter baumannii,NC_020547.2,866/1000,0.00354859,267,3778978,53,149749,39.0,2473,0,0,0,0,0,0,0,0,0,0,0,1,0,0,0,0,0,0,0,0,0,0,0,0,0,0,0,0,0,0,0,0,0,0,0,0,0,0,0,0,0,0,0,0,0,1,0,0,0,0,0,0,0,0,0,0,0,0,0,0,0,0,0,0,0,0,0,0,0,0,0,0,0,0,0,0,0,0,1,0,0,0,0,0,0,0,0,0,0,0,0,0,0,0,0,0,0,0,0,0,0,0,0,0,0,0,0,0,0,0,0,0,0,0,0,0,0,0,0,0,0,0,0,0,0,1,0,0,0,0,0,0,0,0,0,0,0,0,0,0
ERR6938743,SAMEA9651928,PRJEB29739,Nigeria,West Africa,,9.081999,8.675277,2020,2020,,Not stated,,,NIHR_Global_Health_Research_Unit_on_Genomic_Surveillance_of_Antimicrobial_Resistance,Wellcome Sanger Institute;SC,Acinetobacter baumannii,NC_020547.2,866/1000,0.00354859,267,3778575,56,149550,39.0,2473,0,0,0,0,0,0,0,0,0,0,0,1,0,0,0,0,0,0,0,0,0,0,0,0,0,0,0,0,0,0,0,0,0,0,0,0,0,0,0,0,0,0,0,0,0,1,0,0,0,0,0,0,0,0,0,0,0,0,0,0,0,0,0,0,0,0,0,0,0,0,0,0,0,0,0,0,0,0,1,0,0,0,0,0,0,0,0,0,0,0,0,0,0,0,0,0,0,0,0,0,0,0,0,0,0,0,0,0,0,0,0,0,0,0,0,0,0,0,0,0,0,0,0,0,0,1,0,0,0,0,0,0,0,0,0,0,0,0,0,0
ERR6938745,SAMEA9651931,PRJEB29739,Nigeria,West Africa,,9.081999,8.675277,2019-10-16,2019,,Not stated,,,NIHR_Global_Health_Research_Unit_on_Genomic_Surveillance_of_Antimicrobial_Resistance,Wellcome Sanger Institute;SC,Acinetobacter baumannii,NZ_MPCA01000001.1,962/1000,0.000931334,85,3982433,67,141160,38.9,1936,0,0,0,0,0,0,0,0,0,0,1,1,0,0,0,1,0,0,0,0,0,0,0,0,0,0,0,0,0,0,0,0,0,1,0,0,0,0,0,0,0,0,0,0,0,0,0,0,0,0,0,0,0,0,0,0,0,0,0,0,0,0,0,0,0,0,0,0,0,0,1,0,0,0,0,0,0,0,0,0,0,0,0,0,0,0,0,0,0,0,0,0,0,0,0,0,0,0,0,0,0,0,0,0,1,0,0,0,0,0,0,0,1,0,0,0,0,0,0,0,0,0,0,0,0,0,0,0,1,1,0,0,0,0,1,0,0,0,0,0
ERR6938749,SAMEA9651933,PRJEB29739,Nigeria,West Africa,,9.081999,8.675277,2019-10-22,2019,,Not stated,,,NIHR_Global_Health_Research_Unit_on_Genomic_Surveillance_of_Antimicrobial_Resistance,Wellcome Sanger Institute;SC,Acinetobacter baumannii,NZ_MPCA01000001.1,962/1000,0.000931334,85,3981237,71,141081,38.9,1936,0,0,0,0,0,0,0,0,0,0,1,1,0,0,0,1,0,0,0,0,0,0,0,0,0,0,0,0,0,0,0,0,0,1,0,0,0,0,0,0,0,0,0,0,0,0,0,0,0,0,0,0,0,0,0,0,0,0,0,0,0,0,0,0,0,0,0,0,0,0,1,0,0,0,0,0,0,0,0,0,0,0,0,0,0,0,0,0,0,0,0,0,0,0,0,0,0,0,0,0,0,0,0,0,1,0,0,0,0,0,0,0,1,0,0,0,0,0,0,0,0,0,0,0,0,0,0,0,1,1,0,0,0,0,1,0,0,0,0,0
ERR6938913,SAMEA9651897,PRJEB29739,Nigeria,West Africa,,9.081999,8.675277,2020,2020,,Not stated,,,NIHR_Global_Health_Research_Unit_on_Genomic_Surveillance_of_Antimicrobial_Resistance,Wellcome Sanger Institute;SC,Acinetobacter baumannii,NZ_CP021347.1,697/1000,0.00936594,1866,3650290,158,45921,39.1,2472,0,0,0,0,0,0,0,0,0,0,1,1,1,1,0,0,0,0,1,0,0,0,0,0,0,0,0,0,0,0,0,0,0,0,0,0,0,0,0,0,0,0,0,0,0,0,0,0,1,0,0,0,0,0,0,0,0,0,0,0,0,0,0,0,0,0,0,0,0,0,0,0,0,0,0,0,0,0,0,0,0,0,0,0,0,0,0,1,0,0,0,0,1,0,0,0,0,0,0,0,0,0,0,0,0,0,0,0,0,0,0,0,0,0,0,0,0,0,1,0,0,0,0,0,0,0,0,0,1,1,0,0,0,0,1,1,0,0,0,0
ERR6938928,SAMEA9651902,PRJEB29739,Nigeria,West Africa,,9.081999,8.675277,2020,2020,,Not stated,,,NIHR_Global_Health_Research_Unit_on_Genomic_Surveillance_of_Antimicrobial_Resistance,Wellcome Sanger Institute;SC,Acinetobacter baumannii,NZ_NXGU01000001.1,965/1000,0.000855821,1,3930818,57,157417,39.1,231,0,0,0,0,0,0,0,0,1,0,1,1,1,1,0,0,1,0,1,0,0,0,0,0,0,0,0,0,0,0,0,0,0,0,0,1,0,0,0,0,0,0,0,0,0,0,0,0,0,0,0,0,0,0,0,0,0,0,0,0,0,0,0,0,0,0,0,0,0,0,1,0,0,0,0,0,0,0,0,0,0,1,0,0,0,0,0,0,0,0,0,0,0,0,0,0,1,0,0,0,0,0,0,0,0,0,0,0,0,0,0,0,1,0,0,0,0,1,0,0,0,0,0,0,0,0,0,0,0,0,0,0,1,0,1,0,0,1,0,0
ERR6938929,SAMEA9651903,PRJEB29739,Nigeria,West Africa,,9.081999,8.675277,2020,2020,,Not stated,,,NIHR_Global_Health_Research_Unit_on_Genomic_Surveillance_of_Antimicrobial_Resistance,Wellcome Sanger Institute;SC,Acinetobacter baumannii,NZ_NXGU01000001.1,964/1000,0.000880953,1,3931254,57,161872,39.1,231,0,0,0,0,0,0,0,0,1,0,1,1,1,1,0,0,1,0,1,0,0,0,0,0,0,0,0,0,0,0,0,0,0,0,0,1,0,0,0,0,0,0,0,0,0,0,0,0,0,0,0,0,0,0,0,0,0,0,0,0,0,0,0,0,0,0,0,0,0,0,1,0,0,0,0,0,0,0,0,0,0,1,0,0,0,0,0,0,0,0,0,0,0,0,0,0,1,0,0,0,0,0,0,0,0,0,0,0,0,0,0,0,1,0,0,0,0,1,0,0,0,0,0,0,0,0,0,0,0,0,0,0,1,0,1,0,0,1,0,0
ERR6938931,SAMEA9651905,PRJEB29739,Nigeria,West Africa,,9.081999,8.675277,2020,2020,,Not stated,,,NIHR_Global_Health_Research_Unit_on_Genomic_Surveillance_of_Antimicrobial_Resistance,Wellcome Sanger Institute;SC,Acinetobacter baumannii,NZ_CP010781.1,918/1000,0.00208065,1,4009346,44,230811,39.1,231,0,0,1,0,0,0,0,0,1,0,0,1,0,1,0,0,0,0,0,0,0,0,1,0,0,0,0,0,0,0,0,0,0,0,0,0,0,0,0,0,0,0,0,0,0,0,0,0,0,0,0,0,0,0,0,0,0,0,0,0,0,0,0,0,0,0,0,0,0,0,0,0,0,0,0,0,0,0,0,0,0,0,0,0,0,0,0,0,0,0,0,0,0,0,0,0,1,0,0,0,0,0,0,0,0,0,0,0,0,0,0,0,0,1,0,0,0,0,0,0,0,0,0,0,0,0,0,0,0,0,0,1,0,1,0,0,1,0,0,0
ERR7226293,SAMEA9845162,PRJEB29739,Nigeria,West Africa,,9.081999,8.675277,2020-02-05,2020,,Not stated,,,NIHR_Global_Health_Research_Unit_on_Genomic_Surveillance_of_Antimicrobial_Resistance,Wellcome Sanger Institute;SC,Acinetobacter baumannii,NZ_LLIN01000001.1,885/1000,0.00299754,1910,3926020,53,160765,39.0,2483,0,0,0,0,0,0,0,0,0,0,0,1,1,0,0,0,0,0,1,0,0,0,0,0,0,0,0,0,0,0,1,0,0,0,0,0,0,0,0,0,0,0,0,0,0,0,0,0,0,0,0,0,0,0,0,0,0,0,0,0,0,0,0,0,0,0,0,0,0,0,0,0,0,0,0,0,1,0,0,0,0,0,0,0,0,0,0,0,0,0,0,0,0,0,0,0,0,0,0,0,0,0,0,0,0,0,0,0,0,0,0,0,0,0,0,0,0,0,0,0,0,0,0,0,0,0,0,0,0,0,0,0,0,0,1,0,0,1,0,0
ERR7226295,SAMEA9845171,PRJEB29739,Nigeria,West Africa,,9.081999,8.675277,2019-11-09,2019,,Not stated,,,NIHR_Global_Health_Research_Unit_on_Genomic_Surveillance_of_Antimicrobial_Resistance,Wellcome Sanger Institute;SC,Acinetobacter baumannii,NZ_UFKB01000118.1,912/1000,0.00224371,338,3554673,112,77880,39.0,485,0,0,0,0,0,0,0,0,0,0,0,1,0,0,0,0,0,0,0,0,0,0,0,0,0,0,0,0,0,0,0,0,0,0,0,0,0,0,0,0,0,0,0,0,1,0,0,0,0,0,0,0,0,0,0,0,0,0,0,0,0,0,0,0,0,0,0,0,0,0,0,0,0,0,0,1,0,0,0,0,0,0,0,0,0,0,0,0,0,0,0,0,0,0,0,0,0,0,0,0,0,0,0,0,0,0,0,0,0,0,0,0,0,0,0,0,0,0,0,0,0,0,0,0,0,0,0,0,0,0,0,0,0,0,0,0,0,0,0,0
ERR7226554,SAMEA9845114,PRJEB29739,Nigeria,West Africa,,9.081999,8.675277,2020,2020,,Not stated,,,NIHR_Global_Health_Research_Unit_on_Genomic_Surveillance_of_Antimicrobial_Resistance,Wellcome Sanger Institute;SC,Acinetobacter baumannii,NZ_NXGU01000001.1,979/1000,0.000508006,1,3941955,60,161262,39.1,231,0,0,1,0,0,0,0,0,1,0,0,1,1,1,0,0,1,0,1,0,0,0,0,0,0,0,0,0,0,0,0,0,0,0,0,1,0,0,0,0,0,0,0,0,0,0,0,0,0,0,0,0,0,0,0,0,0,0,0,0,0,0,0,0,0,0,0,0,0,0,1,0,0,0,0,0,0,0,0,0,0,1,0,0,0,0,0,0,0,0,0,0,0,0,0,0,1,0,0,0,0,0,0,0,0,0,0,0,0,0,0,0,1,0,0,0,0,1,0,0,0,0,0,0,0,0,0,0,0,0,0,1,1,1,1,0,0,1,0,0
ERR7226556,SAMEA9845119,PRJEB29739,Nigeria,West Africa,,9.081999,8.675277,2020,2020,,Not stated,,,NIHR_Global_Health_Research_Unit_on_Genomic_Surveillance_of_Antimicrobial_Resistance,Wellcome Sanger Institute;SC,Acinetobacter baumannii,NZ_NXGU01000001.1,980/1000,0.000483446,1,3941410,59,162130,39.1,231,0,0,1,0,0,0,0,0,1,0,0,1,1,1,0,0,1,0,1,0,0,0,0,0,0,0,0,0,0,0,0,0,0,0,0,1,0,0,0,0,0,0,0,0,0,0,0,0,0,0,0,0,0,0,0,0,0,0,0,0,0,0,0,0,0,0,0,0,0,0,1,0,0,0,0,0,0,0,0,0,0,1,0,0,0,0,0,0,0,0,0,0,0,0,0,0,1,0,0,0,0,0,0,0,0,0,0,0,0,0,0,0,1,0,0,0,0,1,0,0,0,0,0,0,0,0,0,0,0,0,0,1,1,1,1,0,0,1,0,0
ERR7226586,"	
SAMEA9845138",PRJEB29739,Nigeria,West Africa,,9.081999,8.675277,2020,2020,,Not stated,,,NIHR_Global_Health_Research_Unit_on_Genomic_Surveillance_of_Antimicrobial_Resistance,Wellcome Sanger Institute;SC,Acinetobacter baumannii,NZ_NIWP01000085.1,908/1000,0.0023533,821,4004304,46,216776,39.1,2146,0,0,0,0,0,0,0,0,0,0,1,1,1,1,0,0,0,0,1,0,0,0,0,0,0,0,0,0,0,0,0,0,0,0,0,0,0,0,0,0,0,0,0,0,0,0,0,0,1,0,0,0,0,0,0,0,0,0,0,0,0,0,0,0,0,0,0,0,0,1,0,0,0,0,0,0,0,0,0,0,0,0,0,0,1,0,0,1,0,0,0,0,0,0,0,0,0,0,0,0,0,0,0,0,0,0,0,0,0,0,0,0,0,0,0,0,0,0,1,0,0,0,0,0,0,0,0,0,1,1,0,0,0,0,1,1,0,0,0,0
ERR7226590,SAMEA9845142,PRJEB29739,Nigeria,West Africa,,9.081999,8.675277,2020,2020,,Not stated,,,NIHR_Global_Health_Research_Unit_on_Genomic_Surveillance_of_Antimicrobial_Resistance,Wellcome Sanger Institute;SC,Acinetobacter baumannii,NZ_UCQE02000001.1,953/1000,0.00115999,2,3920694,64,232406,39.0,369,0,0,1,0,0,0,0,1,0,0,0,1,1,1,0,0,0,0,1,0,0,0,0,0,0,0,0,0,0,0,0,0,0,0,0,0,0,0,0,0,0,0,0,0,0,0,1,0,0,0,0,0,0,0,0,0,0,0,0,0,0,0,0,0,0,0,0,0,0,0,0,0,0,0,0,0,0,0,0,0,0,0,0,0,0,0,0,0,0,0,0,0,0,1,0,0,0,0,0,0,0,0,0,0,0,0,0,0,0,0,0,0,0,0,0,0,0,0,0,0,0,0,0,0,0,0,0,0,0,0,0,1,0,1,1,0,0,1,0,0
ERR7226592,SAMEA9845145,PRJEB29739,Nigeria,West Africa,,9.081999,8.675277,2020,2020,,Not stated,,,NIHR_Global_Health_Research_Unit_on_Genomic_Surveillance_of_Antimicrobial_Resistance,Wellcome Sanger Institute;SC,Acinetobacter baumannii,NZ_UCQE02000001.1,953/1000,0.00115999,2,3921466,61,232406,39.0,369,0,0,1,0,0,0,0,1,0,0,0,1,1,1,0,0,0,0,1,0,0,0,0,0,0,0,0,0,0,0,0,0,0,0,0,0,0,0,0,0,0,0,0,0,0,0,1,0,0,0,0,0,0,0,0,0,0,0,0,0,0,0,0,0,0,0,0,0,0,0,0,0,0,0,0,0,0,0,0,0,0,0,0,0,0,0,0,0,0,0,0,0,0,1,0,0,0,0,0,0,0,0,0,0,0,0,0,0,0,0,0,0,0,0,0,0,0,0,0,0,0,0,0,0,0,0,0,0,0,0,0,1,0,1,1,0,0,1,0,0
ERR7226594,SAMEA9845146,PRJEB29739,Nigeria,West Africa,,9.081999,8.675277,2020,2020,,Not stated,,,NIHR_Global_Health_Research_Unit_on_Genomic_Surveillance_of_Antimicrobial_Resistance,Wellcome Sanger Institute;SC,Acinetobacter baumannii,NZ_UCQE02000001.1,953/1000,0.00115999,2,3920569,63,232404,39.0,369,0,0,1,0,0,0,0,1,0,0,0,1,1,1,0,0,0,0,1,0,0,0,0,0,0,0,0,0,0,0,0,0,0,0,0,0,0,0,0,0,0,0,0,0,0,0,1,0,0,0,0,0,0,0,0,0,0,0,0,0,0,0,0,0,0,0,0,0,0,0,0,0,0,0,0,0,0,0,0,0,0,0,0,0,0,0,0,0,0,0,0,0,0,1,0,0,0,0,0,0,0,0,0,0,0,0,0,0,0,0,0,0,0,0,0,0,0,0,0,0,0,0,0,0,0,0,0,0,0,0,0,1,0,1,1,0,0,1,0,0
ERR7226612,SAMEA9845148,PRJEB29739,Nigeria,West Africa,,9.081999,8.675277,2020,2020,,Not stated,,,NIHR_Global_Health_Research_Unit_on_Genomic_Surveillance_of_Antimicrobial_Resistance,Wellcome Sanger Institute;SC,Acinetobacter baumannii,NZ_RFBW01000009.1,931/1000,0.00173271,2,3825429,58,146608,39.0,2026,1,0,1,0,0,0,0,0,1,0,0,1,1,0,0,0,0,0,1,0,0,0,0,0,0,0,0,0,0,0,0,0,0,0,0,0,0,0,0,0,0,0,0,0,0,0,1,0,0,0,0,0,0,0,0,0,0,0,0,0,0,0,0,0,0,0,0,0,0,0,0,0,0,0,0,0,0,0,0,0,0,0,0,0,0,0,0,0,0,0,0,0,0,1,0,0,0,0,0,0,0,0,0,0,0,0,0,0,0,0,0,0,0,0,0,0,0,0,0,0,0,0,0,0,0,0,0,0,0,1,0,1,0,1,1,0,0,1,0,0
ERR7226614,SAMEA984514,PRJEB29739,Nigeria,West Africa,,9.081999,8.675277,2020,2020,,Not stated,,,NIHR_Global_Health_Research_Unit_on_Genomic_Surveillance_of_Antimicrobial_Resistance,Wellcome Sanger Institute;SC,Acinetobacter baumannii,NZ_VHGT01000001.1,871/1000,0.00340187,107,4138710,41,271651,39.1,1552,0,0,0,0,0,0,0,0,0,1,1,1,1,0,1,0,0,0,1,0,0,0,0,0,0,0,0,0,0,0,0,0,0,0,0,0,0,0,0,0,0,0,0,0,0,0,0,0,0,0,0,0,0,0,0,0,0,0,0,0,1,0,0,0,1,0,0,0,0,0,0,0,0,0,0,0,0,0,0,0,0,0,0,0,0,0,0,0,0,1,0,0,0,0,0,0,0,0,0,0,0,0,0,0,0,0,0,0,0,0,0,0,0,0,0,0,0,0,0,0,0,0,0,0,0,0,0,0,0,0,0,0,0,0,1,1,0,1,1,0
ERR7226616,SAMEA9845149,PRJEB29739,Nigeria,West Africa,,9.081999,8.675277,2020,2020,,Not stated,,,NIHR_Global_Health_Research_Unit_on_Genomic_Surveillance_of_Antimicrobial_Resistance,Wellcome Sanger Institute;SC,Acinetobacter baumannii,NZ_CP020597.1,976/1000,0.00058191,25,4182138,83,133720,39.0,229,0,1,0,1,0,0,0,0,0,0,0,1,1,0,0,0,0,0,1,1,1,0,0,0,0,0,0,0,0,0,0,0,0,0,0,0,0,0,0,0,0,1,0,0,0,0,0,0,0,0,0,0,0,0,0,0,0,0,0,0,0,0,0,0,0,0,0,0,0,0,0,0,0,0,0,0,0,0,0,0,0,1,0,0,0,0,0,0,0,0,0,1,0,0,0,0,0,0,0,0,0,0,0,0,0,0,0,1,0,0,0,0,0,0,0,0,1,0,0,0,0,1,0,0,0,0,0,0,1,1,0,0,0,1,1,0,0,1,0,0
ERR7226618,SAMEA9845150,PRJEB29739,Nigeria,West Africa,,9.081999,8.675277,2020,2020,,Not stated,,,NIHR_Global_Health_Research_Unit_on_Genomic_Surveillance_of_Antimicrobial_Resistance,Wellcome Sanger Institute;SC,Acinetobacter baumannii,NZ_PXMF01000001.1,923/1000,0.00194597,52,3962200,24,456615,39.0,2476,1,0,0,0,0,0,0,0,0,0,0,1,1,1,0,0,0,0,1,0,0,0,0,0,0,0,0,0,0,1,0,0,0,0,0,0,0,0,0,0,0,0,0,0,0,0,0,0,0,0,0,0,0,0,0,0,0,0,0,0,0,0,0,0,0,0,0,0,0,0,0,0,0,0,0,0,0,0,0,0,0,0,0,0,0,0,0,0,0,0,1,0,0,0,0,0,0,0,0,0,0,0,0,0,0,1,0,0,0,0,0,0,0,0,0,0,0,0,0,0,0,0,0,0,0,0,0,0,0,0,0,0,0,0,1,1,0,0,0,0
ERR7226620,SAMEA9845151,PRJEB29739,Nigeria,West Africa,,9.081999,8.675277,2020,2020,,Not stated,,,NIHR_Global_Health_Research_Unit_on_Genomic_Surveillance_of_Antimicrobial_Resistance,Wellcome Sanger Institute;SC,Acinetobacter baumannii,NZ_NIWP01000085.1,909/1000,0.00232584,821,4003433,45,216776,39.0,2146,0,0,0,0,0,0,0,0,0,0,1,1,1,1,0,0,0,0,1,0,0,0,0,0,0,0,0,0,0,0,0,0,0,0,0,0,0,0,0,0,0,0,0,0,0,0,0,0,1,0,0,0,0,0,0,0,0,0,0,0,0,0,0,0,0,0,0,0,0,1,0,0,0,0,0,0,0,0,0,0,0,0,0,0,1,0,0,1,0,0,0,0,0,0,0,0,0,0,0,0,0,0,0,0,0,0,0,0,0,0,0,0,0,0,0,0,0,0,1,0,0,0,0,0,0,0,0,0,1,1,0,0,0,0,1,1,0,0,0,0
ERR7226622,SAMEA9845152,PRJEB29739,Nigeria,West Africa,,9.081999,8.675277,2020,2020,,Not stated,,,NIHR_Global_Health_Research_Unit_on_Genomic_Surveillance_of_Antimicrobial_Resistance,Wellcome Sanger Institute;SC,Acinetobacter baumannii,NZ_NIWP01000085.1,909/1000,0.00232584,821,4003274,45,216776,39.0,2146,0,0,0,0,0,0,0,0,0,0,1,1,1,1,0,0,0,0,1,0,0,0,0,0,0,0,0,0,0,0,0,0,0,0,0,0,0,0,0,0,0,0,0,0,0,0,0,0,1,0,0,0,0,0,0,0,0,0,0,0,0,0,0,0,0,0,0,0,0,1,0,0,0,0,0,0,0,0,0,0,0,0,0,0,1,0,0,1,0,0,0,0,0,0,0,0,0,0,0,0,0,0,0,0,0,0,0,0,0,0,0,0,0,0,0,0,0,0,1,0,0,0,0,0,0,0,0,0,1,1,0,0,0,0,1,1,0,0,0,0
ERR7226626,SAMEA9845154,PRJEB29739,Nigeria,West Africa,,9.081999,8.675277,2020-06-24,2020,,Not stated,,,NIHR_Global_Health_Research_Unit_on_Genomic_Surveillance_of_Antimicrobial_Resistance,Wellcome Sanger Institute;SC,Acinetobacter baumannii,NZ_QTKC01000085.1,912/1000,0.00224371,164,4146626,46,222326,39.0,1418,0,0,0,0,0,0,0,0,0,0,1,1,0,0,0,0,0,0,0,0,0,0,0,0,0,0,0,0,0,0,0,0,0,0,0,0,0,0,0,0,0,0,0,0,0,0,0,0,0,0,0,1,0,0,0,0,0,0,0,0,0,0,0,1,0,0,0,0,0,0,0,0,0,0,0,0,0,0,0,0,0,0,0,0,0,0,0,0,0,0,0,0,0,0,0,0,0,0,0,0,0,0,0,1,0,0,0,0,0,0,0,0,0,0,0,0,0,0,0,0,0,0,0,0,0,0,0,0,0,0,0,0,0,0,1,1,0,0,0,0
ERR7226644,SAMEA9845156,PRJEB29739,Nigeria,West Africa,,9.081999,8.675277,2020-07-17,2020,,Not stated,,,NIHR_Global_Health_Research_Unit_on_Genomic_Surveillance_of_Antimicrobial_Resistance,Wellcome Sanger Institute;SC,Acinetobacter baumannii,NZ_SOYV01000001.1,540/1000,0.0168963,471,3779248,24,428710,38.9,323,0,0,0,0,0,0,0,0,0,0,0,1,0,0,0,0,0,0,0,0,0,0,1,0,0,0,0,0,0,0,0,0,0,0,0,0,0,0,0,0,0,0,0,0,0,0,0,0,0,0,0,0,0,0,0,0,0,0,0,0,0,0,0,0,0,0,0,0,0,0,0,0,0,0,0,0,0,0,0,0,0,0,0,0,0,0,1,0,0,0,0,0,0,0,0,0,0,0,0,0,0,0,0,0,0,0,0,0,0,0,0,0,0,0,0,0,0,0,0,0,0,0,0,0,0,0,0,0,0,0,0,0,0,0,0,0,0,0,0,0
ERR7226646,SAMEA9845155,PRJEB29739,Nigeria,West Africa,,9.081999,8.675277,2020-07-17,2020,,Not stated,,,NIHR_Global_Health_Research_Unit_on_Genomic_Surveillance_of_Antimicrobial_Resistance,Wellcome Sanger Institute;SC,Acinetobacter baumannii,NZ_UFMD01000063.1,920/1000,0.00202665,164,3888641,48,202704,39.0,2481,0,0,0,0,0,0,0,0,0,0,1,1,0,0,0,0,0,0,0,0,0,0,0,0,0,0,0,0,0,0,0,0,0,0,0,0,0,0,0,0,0,0,0,0,0,0,0,0,0,0,0,1,0,0,0,0,0,0,0,0,0,0,0,1,0,0,0,0,0,0,0,0,0,0,0,0,0,0,0,0,0,0,0,0,0,0,0,0,0,0,0,0,0,0,0,0,0,0,0,0,0,0,0,1,0,0,0,0,0,0,0,0,0,0,0,0,0,0,0,0,0,0,0,0,0,0,0,0,0,0,0,0,0,0,1,1,0,0,0,0
ERR7226648,SAMEA9845158,PRJEB29739,Nigeria,West Africa,,9.081999,8.675277,2020-07-23,2020,,Not stated,,,NIHR_Global_Health_Research_Unit_on_Genomic_Surveillance_of_Antimicrobial_Resistance,Wellcome Sanger Institute;SC,Acinetobacter baumannii,NZ_JFEF01000001.1,534/1000,0.0172424,1905,3681944,16,825214,39.0,2477,0,0,0,0,0,0,0,0,0,0,0,1,0,0,0,0,0,0,0,0,0,0,1,0,0,0,0,0,0,0,0,0,0,0,0,0,0,0,0,0,0,0,0,0,0,0,0,0,0,0,0,0,0,0,0,0,0,0,0,0,0,0,0,0,0,0,0,0,0,0,0,0,0,0,0,0,0,0,0,1,0,0,0,0,0,0,0,0,0,0,0,0,0,0,0,0,0,0,0,0,0,0,0,0,0,0,0,0,0,0,0,0,0,0,0,0,0,0,0,0,0,0,0,0,0,0,0,0,0,0,0,0,0,0,0,0,0,0,0,0
ERR7226650,"	
SAMEA9845157",PRJEB29739,Nigeria,West Africa,,9.081999,8.675277,2020-12-19,2020,,Not stated,,,NIHR_Global_Health_Research_Unit_on_Genomic_Surveillance_of_Antimicrobial_Resistance,Wellcome Sanger Institute;SC,Acinetobacter baumannii,NZ_MSMU01000001.1,501/1000,0.0192445,1470,3797174,79,150760,39.0,2478,0,0,0,0,0,0,0,0,0,0,0,1,0,0,0,0,0,0,0,0,0,0,1,0,0,0,0,0,0,0,0,0,0,0,0,0,0,0,0,0,0,0,0,0,0,0,0,0,0,0,0,0,0,0,0,0,0,0,0,0,0,0,0,0,0,0,0,0,0,0,0,1,0,0,0,0,0,0,0,0,0,0,0,0,0,0,0,0,0,0,0,0,0,0,0,0,0,0,0,0,0,0,0,0,0,0,0,0,0,0,0,0,0,0,0,0,0,0,0,0,0,0,0,0,0,0,0,0,0,0,0,0,0,0,0,0,0,0,0,0
ERR7226654,SAMEA9845160,PRJEB29739,Nigeria,West Africa,,9.081999,8.675277,2020-10-14,2020,,Not stated,,,NIHR_Global_Health_Research_Unit_on_Genomic_Surveillance_of_Antimicrobial_Resistance,Wellcome Sanger Institute;SC,Acinetobacter baumannii,NZ_QTKC01000085.1,903/1000,0.00249129,1909,3991194,52,232681,38.9,2482,0,0,0,0,0,0,0,0,0,0,1,1,1,0,0,0,0,0,1,0,0,0,0,0,0,0,0,0,0,0,0,0,0,0,0,0,0,0,0,0,0,0,0,0,0,0,0,0,0,0,0,0,0,0,0,0,0,0,0,0,0,0,0,1,0,0,0,0,0,0,0,0,0,0,0,0,0,0,0,0,0,0,0,0,0,0,0,0,0,0,0,0,0,0,0,0,0,0,0,0,0,0,0,1,0,0,0,0,0,0,0,0,0,0,0,0,0,0,0,0,0,0,0,0,0,0,0,0,0,0,0,0,0,0,1,1,0,0,0,0
ERR7226656,SAMEA9845161,PRJEB29739,Nigeria,West Africa,,9.081999,8.675277,2020,2020,,Not stated,,,NIHR_Global_Health_Research_Unit_on_Genomic_Surveillance_of_Antimicrobial_Resistance,Wellcome Sanger Institute;SC,Acinetobacter baumannii,NZ_LLIN01000001.1,885/1000,0.00299754,1910,3927703,55,188278,39.0,2483,0,0,0,0,0,0,0,0,0,0,0,1,1,0,0,0,0,0,1,0,0,0,0,0,0,0,0,0,0,0,1,0,0,0,0,0,0,0,0,0,0,0,0,0,0,0,0,0,0,0,0,0,0,0,0,0,0,0,0,0,0,0,0,0,0,0,0,0,0,0,0,0,0,0,0,0,1,0,0,0,0,0,0,0,0,0,0,0,0,0,0,0,0,0,0,0,0,0,0,0,0,0,0,0,0,0,0,0,0,0,0,0,0,0,0,0,0,0,0,0,0,0,0,0,0,0,0,0,0,0,0,0,0,0,1,0,0,1,0,0
ERR7226658,SAMEA9845163,PRJEB29739,Nigeria,West Africa,,9.081999,8.675277,2020-02-05,2020,,Not stated,,,NIHR_Global_Health_Research_Unit_on_Genomic_Surveillance_of_Antimicrobial_Resistance,Wellcome Sanger Institute;SC,Acinetobacter baumannii,NZ_LLIN01000001.1,885/1000,0.00299754,1910,3926421,53,188278,39.0,2483,0,0,0,0,0,0,0,0,0,0,0,1,1,0,0,0,0,0,1,0,0,0,0,0,0,0,0,0,0,0,1,0,0,0,0,0,0,0,0,0,0,0,0,0,0,0,0,0,0,0,0,0,0,0,0,0,0,0,0,0,0,0,0,0,0,0,0,0,0,0,0,0,0,0,0,0,1,0,0,0,0,0,0,0,0,0,0,0,0,0,0,0,0,0,0,0,0,0,0,0,0,0,0,0,0,0,0,0,0,0,0,0,0,0,0,0,0,0,0,0,0,0,0,0,0,0,0,0,0,0,0,0,0,0,1,0,0,1,0,0
ERR7226676,SAMEA9845164,PRJEB29739,Nigeria,West Africa,,9.081999,8.675277,2020,2020,,Not stated,,,NIHR_Global_Health_Research_Unit_on_Genomic_Surveillance_of_Antimicrobial_Resistance,Wellcome Sanger Institute;SC,Acinetobacter baumannii,NZ_MPCA01000001.1,958/1000,0.00103256,85,3972748,71,149180,38.9,1936,0,0,0,0,0,0,0,0,0,0,1,1,0,0,0,1,0,0,0,0,0,0,1,0,0,0,0,0,0,0,0,0,0,0,0,0,0,0,0,0,0,0,0,0,0,0,0,0,0,0,0,0,0,0,0,0,0,0,0,0,0,0,0,0,0,0,0,0,0,0,1,0,0,0,0,0,0,0,0,0,0,0,0,0,0,0,0,0,0,0,0,0,0,0,0,0,0,0,0,0,0,0,0,0,1,0,0,0,0,0,0,0,1,0,0,0,0,0,0,0,0,0,0,0,0,0,0,0,1,1,0,0,0,0,1,0,0,0,0,0
ERR7226678,SAMEA9845165,PRJEB29739,Nigeria,West Africa,,9.081999,8.675277,2020-02-26,2020,,Not stated,,,NIHR_Global_Health_Research_Unit_on_Genomic_Surveillance_of_Antimicrobial_Resistance,Wellcome Sanger Institute;SC,Acinetobacter baumannii,NZ_LLIN01000001.1,885/1000,0.00299754,1910,3924885,51,188278,39.0,2483,0,0,0,0,0,0,0,0,0,0,0,1,1,0,0,0,0,0,1,0,0,0,0,0,0,0,0,0,0,0,1,0,0,0,0,0,0,0,0,0,0,0,0,0,0,0,0,0,0,0,0,0,0,0,0,0,0,0,0,0,0,0,0,0,0,0,0,0,0,0,0,0,0,0,0,0,1,0,0,0,0,0,0,0,0,0,0,0,0,0,0,0,0,0,0,0,0,0,0,0,0,0,0,0,0,0,0,0,0,0,0,0,0,0,0,0,0,0,0,0,0,0,0,0,0,0,0,0,0,0,0,0,0,0,1,0,0,1,0,0
ERR7226680,SAMEA9845167,PRJEB29739,Nigeria,West Africa,,9.081999,8.675277,2020-06-15,2020,,Not stated,,,NIHR_Global_Health_Research_Unit_on_Genomic_Surveillance_of_Antimicrobial_Resistance,Wellcome Sanger Institute;SC,Acinetobacter baumannii,NZ_JEXM01000001.1,544/1000,0.0166683,1906,3933772,22,347226,39.1,,0,0,0,0,0,0,0,0,0,0,0,1,0,0,0,0,0,0,0,0,0,0,1,0,0,0,0,0,0,0,0,0,0,0,0,0,0,0,0,0,0,0,0,0,0,0,0,0,0,0,0,0,0,0,0,0,0,0,0,0,0,0,0,0,0,0,0,0,0,0,0,0,0,0,0,0,0,0,0,0,0,0,0,0,0,0,0,0,0,0,0,0,0,0,0,0,0,0,0,0,0,1,0,0,0,0,0,0,0,0,0,0,0,0,0,0,0,0,0,0,0,0,0,0,0,0,0,0,0,0,0,0,0,0,1,0,0,1,0,0
ERR7226688,SAMEA9845170,PRJEB29739,Nigeria,West Africa,,9.081999,8.675277,,,,Not stated,,,NIHR_Global_Health_Research_Unit_on_Genomic_Surveillance_of_Antimicrobial_Resistance,Wellcome Sanger Institute;SC,Acinetobacter baumannii,NZ_JMOD01000001.1,787/1000,0.00604372,1828,3815632,105,77858,38.9,2479,0,0,0,0,0,0,0,0,0,0,0,1,0,0,0,0,0,0,0,0,0,0,0,0,0,0,0,1,0,0,0,0,0,0,0,0,0,0,0,0,0,0,0,0,0,0,0,0,0,0,0,0,0,0,0,0,0,0,0,0,0,0,0,0,0,0,0,0,0,0,0,0,0,0,0,0,0,0,0,0,0,0,0,0,0,0,0,0,1,0,0,0,0,0,0,0,0,0,0,0,0,0,0,0,0,0,0,0,0,0,0,0,0,0,0,0,0,0,0,0,0,0,0,0,0,0,0,0,0,0,0,0,0,0,0,0,0,0,0,0
ERR7226690,SAMEA9845172,PRJEB29739,Nigeria,West Africa,,9.081999,8.675277,,,,Not stated,,,NIHR_Global_Health_Research_Unit_on_Genomic_Surveillance_of_Antimicrobial_Resistance,Wellcome Sanger Institute;SC,Acinetobacter baumannii,NZ_JMOD01000001.1,787/1000,0.00604372,1828,3814594,106,77858,38.9,2479,0,0,0,0,0,0,0,0,0,0,0,1,0,0,0,0,0,0,0,0,0,0,0,0,0,0,0,1,0,0,0,0,0,0,0,0,0,0,0,0,0,0,0,0,0,0,0,0,0,0,0,0,0,0,0,0,0,0,0,0,0,0,0,0,0,0,0,0,0,0,0,0,0,0,0,0,0,0,0,0,0,0,0,0,0,0,0,0,1,0,0,0,0,0,0,0,0,0,0,0,0,0,0,0,0,0,0,0,0,0,0,0,0,0,0,0,0,0,0,0,0,0,0,0,0,0,0,0,0,0,0,0,0,0,0,0,0,0,0,0
ERR8024946,SAMEA12311701,PRJEB46496,Ghana,West Africa,,8.0300284,-1.0800271,2021,2021,hospital surface,Hospital environment,Hospital environment,,Environmental Surveillance of ESBL and Carbapenemase-Producing Gram-Negative Bacteria in a hospital in Ghana,CARDIFF UNIVERSITY,Acinetobacter baumannii,NZ_CP051862.1,742/1000,0.00763299,1136,4030322,266,31988,39.2,,1,0,0,0,0,0,0,0,0,0,0,1,0,0,0,0,1,0,0,0,0,0,0,0,0,0,0,0,0,0,0,0,0,0,0,0,0,0,0,0,0,0,0,0,0,0,0,0,1,0,0,0,0,0,0,0,0,0,0,0,0,0,0,0,0,0,0,0,0,0,1,0,0,0,0,0,0,0,0,0,0,1,0,0,0,0,0,0,0,0,0,0,1,0,0,0,0,0,0,0,0,0,0,0,0,0,0,0,0,0,0,0,1,0,0,0,0,0,0,0,0,0,0,0,0,0,0,0,1,1,0,0,0,0,1,1,0,0,0,0
ERR8024947,SAMEA12311702,PRJEB46496,Ghana,West Africa,,8.0300284,-1.0800271,2021,2021,hospital surface,Hospital environment,Hospital environment,,Environmental Surveillance of ESBL and Carbapenemase-Producing Gram-Negative Bacteria in a hospital in Ghana,CARDIFF UNIVERSITY,Acinetobacter baumannii,NZ_VNWQ01000001.1,797/1000,0.00570819,109,3994427,239,33428,39.1,542,1,0,0,0,0,0,0,0,0,0,0,1,0,0,0,0,0,0,0,0,0,0,0,0,0,0,0,0,0,0,0,0,0,0,0,0,0,0,0,0,0,0,0,0,0,0,0,0,0,0,0,0,0,1,0,0,0,0,0,0,0,0,0,0,0,0,0,0,0,0,1,0,0,0,0,0,0,0,0,0,0,1,0,0,0,0,0,0,0,0,0,0,0,0,1,0,0,0,0,0,0,0,0,0,0,0,0,0,0,0,0,0,1,0,0,0,0,0,0,0,0,0,0,0,0,0,0,0,1,1,0,0,0,0,1,1,0,1,0,0
ERR8024950,SAMEA12311705,PRJEB46496,Ghana,West Africa,,8.0300284,-1.0800271,2021,2021,hospital surface,Hospital environment,Hospital environment,,Environmental Surveillance of ESBL and Carbapenemase-Producing Gram-Negative Bacteria in a hospital in Ghana,CARDIFF UNIVERSITY,Acinetobacter baumannii,NZ_VNWQ01000001.1,797/1000,0.00570819,109,3973062,218,41049,39.2,542,1,0,0,0,0,0,0,0,0,0,0,1,0,0,0,0,0,0,0,0,0,0,0,0,0,0,0,0,0,0,0,0,0,0,0,0,0,0,0,0,0,0,0,0,0,0,0,0,0,0,0,0,0,1,0,0,0,0,0,0,0,0,0,0,0,0,0,0,0,0,1,0,0,0,0,0,0,0,0,0,0,1,0,0,0,0,0,0,0,0,0,0,0,0,1,0,0,0,0,0,0,0,0,0,0,0,0,0,0,0,0,0,1,0,0,0,0,0,0,0,0,0,0,0,0,0,0,0,1,1,0,0,0,0,1,1,0,1,0,0
ERR8024951,SAMEA12311706,PRJEB46496,Ghana,West Africa,,8.0300284,-1.0800271,2021,2021,hospital surface,Hospital environment,Hospital environment,,Environmental Surveillance of ESBL and Carbapenemase-Producing Gram-Negative Bacteria in a hospital in Ghana,CARDIFF UNIVERSITY,Acinetobacter baumannii,NZ_VNWQ01000001.1,796/1000,0.00574147,109,3966149,216,42222,39.1,,1,0,0,0,0,0,0,0,0,0,0,1,0,0,0,0,0,0,0,0,0,0,0,0,0,0,0,0,0,0,0,0,0,0,0,0,0,0,0,0,0,0,0,0,0,0,0,0,0,0,0,0,0,1,0,0,0,0,0,0,0,0,0,0,0,0,0,0,0,0,1,0,0,0,0,0,0,0,0,0,0,1,0,0,0,0,0,0,0,0,0,0,0,0,1,0,0,0,0,0,0,0,0,0,0,0,0,0,0,0,0,0,1,0,0,0,0,0,0,0,0,0,0,0,0,0,0,0,1,1,0,0,0,0,1,1,0,1,0,0
ERR8024959,SAMEA12311711,PRJEB46496,Ghana,West Africa,,8.0300284,-1.0800271,2021,2021,hospital surface,Hospital environment,Hospital environment,,Environmental Surveillance of ESBL and Carbapenemase-Producing Gram-Negative Bacteria in a hospital in Ghana,CARDIFF UNIVERSITY,Acinetobacter baumannii,NZ_BHGH01000001.1,756/1000,0.00712406,132,4013637,271,37095,39.1,1181,1,0,0,0,0,0,1,0,0,0,0,1,1,0,0,0,1,0,1,0,0,1,0,0,0,0,0,0,1,0,0,0,0,0,0,0,0,0,0,0,0,0,0,0,0,0,0,0,0,0,0,0,0,0,0,0,0,0,0,0,0,0,0,1,0,0,0,0,0,0,1,0,0,0,0,1,0,0,0,0,0,0,0,0,0,0,0,0,0,0,0,0,0,0,0,0,0,0,0,0,0,0,0,0,0,0,0,0,0,0,0,0,1,0,0,0,0,0,0,0,1,0,0,0,1,0,0,0,1,1,0,1,0,1,1,0,0,0,0,1
SRR10583096,SAMN13422049,PRJNA592050,Ghana,West Africa,,8.0300284,-1.0800271,2016,2016,Surgical site infection,Human clinical,Human,,Air genomes from surgical room Raw sequence reads,RigshospitaleT,Acinetobacter baumannii,NZ_CZWE01000001.1,860/1000,0.0037263,10,3683667,75,96034,38.9,447,0,0,0,0,0,0,0,0,0,0,0,1,0,0,0,0,0,0,0,0,0,0,0,0,0,0,0,0,0,0,0,0,0,0,0,0,0,0,0,0,0,0,0,0,0,0,0,0,0,0,0,0,0,0,0,1,0,0,0,0,0,0,0,0,0,0,0,0,0,0,0,0,0,0,0,0,0,0,0,0,0,0,0,0,0,0,0,0,0,0,0,0,0,0,0,1,0,0,0,0,0,0,0,0,0,0,0,0,0,0,0,0,0,0,0,0,0,0,0,0,0,0,0,0,0,0,0,0,0,0,0,0,0,0,0,0,0,0,0,0
SRR11514880,SAMN14567567,PRJNA624101,Benin,West Africa,,6.38,2.45,2019,2019,Surgical wound,Human clinical,Human,,Whole-Genome sequence of NDM-1-producing Acinetobacter baumannii,Sciensano,Acinetobacter baumannii,NZ_VHFD01000001.1,830/1000,0.00464278,388,4282276,303,348715,39.5,836,1,0,0,0,0,0,0,0,0,0,1,1,1,0,0,0,0,0,1,0,0,0,0,0,0,0,0,0,0,0,0,0,0,0,0,0,0,0,0,0,0,0,0,0,0,0,0,1,0,0,0,0,0,0,0,0,0,0,0,0,0,0,0,0,0,0,0,0,0,0,1,0,0,0,0,0,0,0,0,0,0,0,0,0,0,0,0,0,0,0,1,0,0,0,0,0,0,0,1,0,0,0,0,0,0,0,0,0,0,0,0,0,1,0,0,0,0,0,0,0,0,0,0,0,0,0,0,0,1,1,0,0,0,0,1,1,0,0,0,0
SRR11589174,SAMN14669798,PRJNA627433,South Africa,Southern Africa,,-29,24,2012,2012,,Not stated,Human,,Carbapenem-resistant Acinetobacter baumannii (CRAB) tested for susceptibility to meropenem/QPX7728,Qpex Biopharma,Acinetobacter baumannii,NZ_UCPQ02000001.1,997/1000,7.15897e-05,2,3952793,56,160879,38.9,208,0,0,1,0,0,0,0,0,1,0,0,1,1,1,0,0,1,0,1,0,0,0,0,0,0,0,0,0,0,0,0,0,0,0,0,0,0,0,0,0,0,0,0,0,0,0,1,0,0,0,0,0,0,0,0,0,0,0,0,0,0,0,0,0,0,0,0,0,0,0,0,0,0,0,0,0,0,0,0,0,0,1,0,0,0,0,0,0,0,0,0,0,0,1,0,0,0,0,0,0,0,0,0,0,0,0,0,0,0,0,1,0,0,0,0,0,0,0,0,0,0,0,0,0,0,0,0,0,0,0,0,1,0,1,1,0,0,1,0,0
SRR11589267,SAMN14669869,PRJNA627433,South Africa,Southern Africa,,-29,24,2014,2014,,Not stated,Human,,Carbapenem-resistant Acinetobacter baumannii (CRAB) tested for susceptibility to meropenem/QPX7729,Qpex Biopharma,Acinetobacter baumannii,NZ_JEVZ02000001.1,529/1000,0.0175349,243,3995273,38,269504,38.8,2948,0,0,0,0,0,0,0,0,0,0,1,1,0,0,0,0,0,0,0,0,0,0,1,0,0,0,0,0,0,0,0,0,0,0,0,0,0,0,0,0,0,0,0,0,0,0,0,0,0,0,0,0,0,0,0,0,0,0,0,0,0,0,0,0,0,0,0,0,0,0,0,1,0,0,0,0,0,0,0,0,0,0,0,0,0,0,0,0,0,0,1,0,0,0,0,0,0,0,0,0,0,0,0,0,0,0,0,0,0,0,0,0,0,0,0,0,0,0,0,0,0,0,0,0,0,0,0,0,0,0,0,0,0,0,1,0,0,0,0,0
SRR12905336,SAMN16562431,PRJNA672293,Libya,North Africa,Tripoli,32.8872,13.1913,2019,2019,wound,Human clinical,Human,infection,AMR and conflict,American University of Beirut,Acinetobacter baumannii,NZ_JZCA01000008.1,963/1000,0.000906123999999999,25,4251297,113,76680,38.8,440,0,0,0,0,0,0,0,0,0,0,1,1,1,1,0,0,1,0,1,0,0,0,0,0,0,0,0,0,0,0,0,0,0,0,0,0,0,0,0,0,0,1,0,0,0,0,0,0,0,0,0,0,0,0,0,0,0,0,0,0,0,0,0,0,0,0,0,0,0,0,0,0,0,0,0,0,0,0,0,0,0,1,0,0,0,0,0,0,0,0,0,1,0,0,0,0,0,0,0,0,0,0,0,0,0,0,0,0,0,0,0,0,0,0,0,0,0,0,0,0,0,0,0,0,0,0,0,0,0,0,0,0,0,0,1,0,0,0,0,0
SRR12905337,SAMN16562435,PRJNA672293,Libya,North Africa,Tripoli,32.8872,13.1913,2019,2019,wound-Sputum,Human clinical,Human,infection,AMR and conflict,American University of Beirut,Acinetobacter baumannii,NZ_NIWL01000010.1,793/1000,0.00584167,602,3882189,274,31913,39.1,732,0,0,0,0,0,1,0,0,0,1,1,1,1,0,0,0,0,0,1,0,0,0,0,0,0,0,0,0,0,0,0,0,0,0,0,0,0,0,0,0,0,0,0,0,0,0,0,0,1,0,0,0,0,0,0,0,0,0,0,0,0,0,0,0,0,0,1,0,0,0,0,0,0,0,0,0,0,0,0,0,0,1,0,0,1,0,0,0,0,0,0,0,0,0,0,0,0,0,0,0,0,0,0,0,0,0,0,0,0,0,0,0,0,0,0,1,0,0,0,0,0,0,1,0,0,0,0,0,0,0,0,1,0,1,0,0,0,0,0,0
SRR12905338,SAMN16562434,PRJNA672293,Libya,North Africa,Tripoli,32.8872,13.1913,2019,2019,Blood,Human clinical,Human,bacterimia,AMR and conflict,American University of Beirut,Acinetobacter baumannii,NZ_LNVD01000001.1,962/1000,0.000931333999999999,2,3985519,169,63787,39.2,286,0,0,0,0,0,0,0,1,0,0,0,1,1,0,0,1,0,0,1,0,0,0,0,0,0,0,0,0,0,0,0,0,0,0,0,0,0,0,0,0,0,0,0,0,0,0,1,0,0,0,0,0,0,0,0,0,0,0,0,0,0,0,0,0,0,0,0,0,0,0,1,0,0,0,0,0,0,0,0,0,0,0,0,0,0,0,0,0,0,0,0,0,0,1,0,0,0,0,0,0,0,0,0,0,0,0,0,0,0,0,1,0,1,0,0,0,0,0,0,0,0,0,0,0,0,0,0,0,0,0,0,1,0,1,1,0,0,1,0,0
SRR12905341,SAMN16562430,PRJNA672293,Libya,North Africa,Tripoli,32.8872,13.1913,2019,2019,Wound,Human clinical,Human,infection,AMR and conflict,American University of Beirut,Acinetobacter baumannii,NZ_WIHX01000010.1,936/1000,0.00160079,2,3898615,171,52398,38.9,208,0,0,0,0,0,0,0,0,0,0,0,1,0,1,0,0,1,0,0,1,0,0,0,0,0,0,0,0,0,0,0,0,0,0,0,0,0,0,0,0,0,0,0,0,0,0,0,0,0,0,0,0,0,0,1,0,0,0,0,0,0,0,0,0,0,0,0,0,0,0,0,0,0,0,0,0,0,0,0,0,0,1,0,0,0,0,0,0,0,0,0,0,0,1,0,0,0,0,0,0,0,0,0,0,0,0,0,0,0,0,1,0,0,0,0,0,0,0,0,0,0,0,0,0,0,0,0,0,1,1,0,0,0,0,0,0,0,0,0,0
SRR13327178,SAMN17182380,PRJNA688598,Egypt,North Africa,Cairo,30.02273,31.23789,2017,2017,BAL,Human clinical,Human,Cancer,Whole Genome Sequencing of Multidrug Resistant Acinetobacter baumannii - CCHE57357,Children's Cancer Hospital - Egypt 57357 (CCHE57357),Acinetobacter baumannii,NZ_WIIH01000010.1,960/1000,0.000981871,2,3995922,211,45990,38.9,684,0,0,0,0,0,0,0,0,0,0,0,1,1,1,0,0,1,0,1,1,0,0,0,0,0,0,0,0,0,0,0,0,0,0,0,0,0,0,0,0,0,0,0,0,0,0,0,0,0,0,0,0,0,0,1,0,0,0,0,0,0,0,0,0,0,0,0,0,0,0,0,0,0,0,0,0,0,0,0,0,0,1,0,0,0,0,0,0,0,0,0,0,0,1,0,0,0,0,0,0,0,0,0,0,0,0,0,0,0,0,1,0,0,0,0,0,0,0,0,0,0,0,0,0,0,0,0,0,1,1,0,0,0,0,0,0,0,1,0,0
SRR13327179,SAMN17182379,PRJNA688598,Egypt,North Africa,Cairo,30.02273,31.23789,2017,2017,Blood,Human clinical,Human,Cancer,Whole Genome Sequencing of Multidrug Resistant Acinetobacter baumannii - CCHE57358,Children's Cancer Hospital - Egypt 57357 (CCHE57357),Acinetobacter baumannii,NZ_WIIH01000010.1,953/1000,0.00115999,2,3982151,276,28376,38.9,684,0,0,0,0,0,0,0,0,0,0,0,1,1,1,0,0,0,0,1,1,0,0,0,0,0,0,0,0,0,0,0,0,0,0,0,0,0,0,0,0,0,0,0,0,0,0,0,0,0,0,0,0,0,0,1,0,0,0,0,0,0,0,0,0,0,0,0,0,0,0,0,0,0,0,0,0,0,0,0,0,0,1,0,0,0,0,0,0,0,0,0,0,0,1,0,0,0,0,0,0,0,0,0,0,0,0,0,0,0,0,1,0,0,0,0,0,0,0,0,0,0,0,0,0,0,0,0,0,1,1,0,0,0,0,0,0,0,1,0,0
SRR13327181,SAMN17182377,PRJNA688598,Egypt,North Africa,Cairo,30.02273,31.23789,2017,2017,Wound,Human clinical,Human,Cancer,Whole Genome Sequencing of Multidrug Resistant Acinetobacter baumannii - CCHE57359,Children's Cancer Hospital - Egypt 57357 (CCHE57357),Acinetobacter baumannii,NZ_NXGU01000001.1,963/1000,0.000906123999999999,1,3951788,208,37399,39.2,231,0,0,1,0,0,0,0,0,1,0,1,1,1,0,0,0,1,0,1,0,0,0,0,0,0,0,0,0,0,0,0,0,0,0,0,1,0,0,0,0,0,0,0,0,0,0,0,0,0,0,0,0,0,0,0,0,0,0,0,0,0,0,0,0,0,0,0,0,0,0,1,0,0,0,0,0,0,0,0,0,0,1,0,0,0,0,0,0,0,0,0,0,0,0,0,0,1,0,0,0,0,0,0,0,0,0,0,0,0,0,0,0,1,0,0,0,0,1,0,0,0,0,0,0,0,0,0,0,0,0,0,1,1,1,1,0,0,1,0,0
SRR13327185,SAMN17182374,PRJNA688598,Egypt,North Africa,Cairo,30.02273,31.23789,2017,2017,CVP Blood,Human clinical,Human,Cancer,Whole Genome Sequencing of Multidrug Resistant Acinetobacter baumannii - CCHE57360,Children's Cancer Hospital - Egypt 57357 (CCHE57357),Acinetobacter baumannii,NZ_JAAOSB010000001.1,967/1000,0.000805673,1,3939018,197,44219,39.2,231,0,0,1,0,0,0,0,0,1,0,0,1,1,0,0,0,1,0,1,0,0,0,0,0,0,0,0,0,0,0,0,0,0,0,0,1,0,0,0,0,0,0,0,0,0,0,0,0,0,0,0,0,0,0,0,0,0,0,0,0,0,0,0,0,0,0,0,0,0,0,1,0,0,0,0,0,0,0,0,0,0,1,0,0,0,0,0,0,0,0,0,0,0,0,0,0,1,0,0,0,0,0,0,0,0,0,0,0,0,0,0,0,1,0,0,0,0,1,0,0,0,0,0,0,0,0,0,0,0,0,0,1,1,1,1,0,0,1,0,0
SRR13327186,SAMN17182400,PRJNA688598,Egypt,North Africa,Cairo,30.02273,31.23789,2018,2018,Blood,Human clinical,Human,Cancer,Whole Genome Sequencing of Multidrug Resistant Acinetobacter baumannii - CCHE57361,Children's Cancer Hospital - Egypt 57357 (CCHE57357),Acinetobacter baumannii,NZ_JAAGSH010000001.1,952/1000,0.0011856,2,3955071,213,33021,39.0,195,0,0,0,0,0,0,0,0,0,0,0,1,1,1,0,0,1,0,1,1,0,0,0,0,0,0,0,0,0,0,0,0,0,0,0,0,0,0,0,0,0,0,0,0,0,0,0,0,0,0,0,0,0,0,1,0,0,0,0,0,0,0,0,0,0,0,0,0,0,0,0,0,0,0,0,0,0,0,0,0,0,1,0,0,0,0,0,0,0,0,0,0,0,1,0,0,0,0,0,0,0,0,0,0,0,0,0,0,0,0,1,0,0,0,0,0,0,0,0,0,0,0,0,0,0,0,0,0,1,1,0,0,0,0,0,0,0,1,0,0
SRR13327187,SAMN17182399,PRJNA688598,Egypt,North Africa,Cairo,30.02273,31.23789,2018,2018,CVP Blood,Human clinical,Human,Cancer,Whole Genome Sequencing of Multidrug Resistant Acinetobacter baumannii - CCHE57362,Children's Cancer Hospital - Egypt 57357 (CCHE57357),Acinetobacter baumannii,NZ_NXGU01000001.1,951/1000,0.00121124,1,4036324,89,114954,39.0,231,0,0,1,0,0,0,0,0,1,0,1,1,1,1,0,0,0,0,1,0,0,0,0,0,0,0,0,0,0,0,0,0,0,0,0,1,0,0,0,0,0,0,0,0,0,0,0,0,0,0,0,0,0,0,0,0,0,0,0,0,0,0,0,0,0,0,0,0,0,0,1,0,0,0,0,0,0,0,0,0,0,1,0,0,0,0,0,0,0,0,0,0,0,0,0,0,1,0,0,0,0,0,0,0,0,0,0,0,0,0,0,0,1,0,0,0,0,1,0,0,0,0,0,0,0,0,0,0,0,0,0,1,1,1,1,0,0,1,0,0
SRR13327189,SAMN17182397,PRJNA688598,Egypt,North Africa,Cairo,30.02273,31.23789,2018,2018,Blood,Human clinical,Human,Cancer,Whole Genome Sequencing of Multidrug Resistant Acinetobacter baumannii - CCHE57363,Children's Cancer Hospital - Egypt 57357 (CCHE57357),Acinetobacter baumannii,NZ_JAAOSU010000001.1,952/1000,0.0011856,1,4032180,106,82031,39.0,231,0,0,1,0,0,0,0,0,1,0,1,1,1,1,0,0,1,0,1,0,0,0,0,0,0,0,0,0,0,0,0,0,0,0,0,1,0,0,0,0,0,0,0,0,0,0,0,0,0,0,0,0,0,0,0,0,0,0,0,0,0,0,0,0,0,0,0,0,0,0,1,0,0,0,0,0,0,0,0,0,0,1,0,0,0,0,0,0,0,0,0,0,0,0,0,0,1,0,0,0,0,0,0,0,0,0,0,0,0,0,0,0,1,0,0,0,0,1,0,0,0,0,0,0,0,0,0,0,0,0,0,1,1,1,1,0,0,1,0,0
SRR13327190,SAMN17182396,PRJNA688598,Egypt,North Africa,Cairo,30.02273,31.23789,2018,2018,Blood,Human clinical,Human,Cancer,Whole Genome Sequencing of Multidrug Resistant Acinetobacter baumannii - CCHE57364,Children's Cancer Hospital - Egypt 57357 (CCHE57357),Acinetobacter baumannii,NZ_JAAOSU010000001.1,953/1000,0.00115999,1,4018748,147,57127,39.1,231,0,0,1,0,0,0,0,0,1,0,1,1,1,1,0,0,1,0,1,0,0,0,0,0,0,0,0,0,0,0,0,0,0,0,0,1,0,0,0,0,0,0,0,0,0,0,0,0,0,0,0,0,0,0,0,0,0,0,0,0,0,0,0,0,0,0,0,0,0,0,1,0,0,0,0,0,0,0,0,0,0,1,0,0,0,0,0,0,0,0,0,0,0,0,0,0,1,0,0,0,0,0,0,0,0,0,0,0,0,0,0,0,1,0,0,0,0,1,0,0,0,0,0,0,0,0,0,0,0,0,0,1,1,1,1,0,0,1,0,0
SRR13327191,SAMN17182395,PRJNA688598,Egypt,North Africa,Cairo,30.02273,31.23789,2018,2018,Blood,Human clinical,Human,Cancer,Whole Genome Sequencing of Multidrug Resistant Acinetobacter baumannii - CCHE57365,Children's Cancer Hospital - Egypt 57357 (CCHE57357),Acinetobacter baumannii,NZ_NXGU01000001.1,960/1000,0.000981871,1,3993401,97,102221,39.0,231,0,0,1,0,0,0,0,0,1,0,1,1,1,1,0,0,0,0,1,0,0,0,0,0,0,0,0,0,0,0,0,0,0,0,0,1,0,0,0,0,0,0,0,0,0,0,0,0,0,0,0,0,0,0,0,0,0,0,0,0,0,0,0,0,0,0,0,0,0,0,1,0,0,0,0,0,0,0,0,0,0,1,0,0,0,0,0,0,0,0,0,0,0,0,0,0,1,0,0,0,0,0,0,0,0,0,0,0,0,0,0,0,1,0,0,0,0,1,0,0,0,0,0,0,0,0,0,0,0,0,0,1,1,1,1,0,0,1,0,0
SRR13327192,SAMN17182394,PRJNA688598,Egypt,North Africa,Cairo,30.02273,31.23789,2018,2018,BAL,Human clinical,Human,Cancer,Whole Genome Sequencing of Multidrug Resistant Acinetobacter baumannii - CCHE57366,Children's Cancer Hospital - Egypt 57357 (CCHE57357),Acinetobacter baumannii,NZ_VAGF01000001.1,906/1000,0.00240836,113,4196985,108,93970,38.9,2246,0,0,0,0,0,0,0,0,0,0,0,1,1,0,0,0,1,0,1,1,1,0,0,0,0,0,0,0,0,0,0,0,0,0,0,0,0,0,0,0,0,0,0,0,0,0,0,0,0,0,0,0,1,0,0,0,0,0,0,0,0,0,0,0,0,0,0,0,0,0,0,0,0,0,0,0,0,0,0,0,0,1,0,0,0,0,0,0,0,0,0,1,0,0,0,0,0,0,0,0,0,0,0,0,0,0,0,1,0,0,0,0,0,0,0,0,1,0,0,0,0,0,0,0,0,0,0,0,1,1,0,1,0,1,1,0,0,1,0,0
SRR13327193,SAMN17182393,PRJNA688598,Egypt,North Africa,Cairo,30.02273,31.23789,2018,2018,BAL,Human clinical,Human,Cancer,Whole Genome Sequencing of Multidrug Resistant Acinetobacter baumannii - CCHE57367,Children's Cancer Hospital - Egypt 57357 (CCHE57357),Acinetobacter baumannii,NZ_WIID01000010.1,973/1000,0.000656153999999999,2,3954237,78,113202,38.9,1705,0,0,0,0,1,0,0,0,1,0,0,1,1,0,0,0,1,0,1,1,0,0,1,0,0,0,0,0,0,0,0,0,0,0,0,0,0,0,0,0,0,0,0,0,0,0,0,0,0,0,0,0,0,0,0,0,0,0,0,0,0,0,0,0,0,0,0,0,0,0,0,0,0,0,0,0,0,0,0,0,0,1,0,0,0,0,0,0,0,0,0,0,0,1,0,0,0,0,0,0,0,0,0,0,0,0,0,0,0,0,1,0,0,0,1,0,0,0,0,0,0,0,0,0,0,0,0,0,1,1,0,1,0,1,0,0,0,1,0,0
SRR13327194,SAMN17182392,PRJNA688598,Egypt,North Africa,Cairo,30.02273,31.23789,2018,2018,BAL,Human clinical,Human,Cancer,Whole Genome Sequencing of Multidrug Resistant Acinetobacter baumannii - CCHE57368,Children's Cancer Hospital - Egypt 57357 (CCHE57357),Acinetobacter baumannii,NZ_VAGF01000001.1,904/1000,0.0024636,113,4157839,246,39492,39.0,2246,0,0,0,0,0,0,0,0,0,0,0,1,1,0,0,0,1,0,1,1,1,0,0,0,0,0,0,0,0,0,0,0,0,0,0,0,0,0,0,0,0,0,0,0,0,0,0,0,0,0,0,0,1,0,0,0,0,0,0,0,0,0,0,0,0,0,0,0,0,0,0,0,0,0,0,0,0,0,0,0,0,1,0,0,0,0,0,0,0,0,0,1,0,0,0,0,0,0,0,0,0,0,0,0,0,0,0,1,0,0,0,0,0,0,0,0,1,0,0,0,0,0,0,0,0,0,0,0,1,1,0,0,0,1,1,0,0,1,0,0
SRR13327196,SAMN17182373,PRJNA688598,Egypt,North Africa,Cairo,30.02273,31.23789,2018,2018,Tissue,Human clinical,Human,Cancer,Whole Genome Sequencing of Multidrug Resistant Acinetobacter baumannii - CCHE57369,Children's Cancer Hospital - Egypt 57357 (CCHE57357),Acinetobacter baumannii,NZ_FWYM01000084.1,938/1000,0.00154832,,3943122,284,27716,39.2,195,0,0,0,0,1,0,0,0,1,0,0,1,1,1,0,0,0,0,1,1,0,0,0,0,0,0,0,0,0,0,0,0,0,0,0,0,0,0,0,0,0,0,0,0,0,0,0,0,0,0,0,0,0,0,1,0,0,0,0,0,0,0,0,0,0,0,0,0,0,0,0,0,0,0,0,0,0,0,0,0,0,1,0,0,0,0,0,0,0,0,0,0,0,1,0,0,0,0,0,0,0,0,0,0,0,0,0,0,0,0,1,0,0,0,1,0,0,0,0,0,0,0,0,0,0,0,0,0,1,1,0,1,0,1,0,0,0,1,0,0
SRR13327198,SAMN17182389,PRJNA688598,Egypt,North Africa,Cairo,30.02273,31.23789,2018,2018,Blood,Human clinical,Human,Cancer,Whole Genome Sequencing of Multidrug Resistant Acinetobacter baumannii - CCHE57370,Children's Cancer Hospital - Egypt 57357 (CCHE57357),Acinetobacter baumannii,NZ_JAAOSU010000001.1,953/1000,0.00115999,,4035465,105,87438,39.0,231,0,0,1,0,0,0,0,0,1,0,1,1,1,1,0,0,1,0,1,0,0,0,0,0,0,0,0,0,0,0,0,0,0,0,0,1,0,0,0,0,0,0,0,0,0,0,0,0,0,0,0,0,0,0,0,0,0,0,0,0,0,0,0,0,0,0,0,0,0,0,1,0,0,0,0,0,0,0,0,0,0,1,0,0,0,0,0,0,0,0,0,0,0,0,0,0,1,0,0,0,0,0,0,0,0,0,0,0,0,0,0,0,1,0,0,0,0,1,0,0,0,0,0,0,0,0,0,0,0,0,0,1,1,1,1,0,0,1,0,0
SRR13327199,SAMN17182388,PRJNA688598,Egypt,North Africa,Cairo,30.02273,31.23789,2018,2018,Blood,Human clinical,Human,Cancer,Whole Genome Sequencing of Multidrug Resistant Acinetobacter baumannii - CCHE57371,Children's Cancer Hospital - Egypt 57357 (CCHE57357),Acinetobacter baumannii,NZ_VAOJ01000001.1,901/1000,0.0025468,570,3844351,126,73517,39.0,684,0,0,0,0,1,0,0,0,1,0,0,1,0,1,0,1,0,0,0,1,0,0,0,0,0,0,0,0,0,0,0,0,0,0,0,0,0,0,0,0,0,0,0,0,0,0,0,0,0,0,0,0,0,0,1,0,0,0,0,0,0,0,0,0,0,0,0,0,0,0,1,0,0,0,0,0,0,0,0,0,0,1,0,0,0,0,0,0,0,0,0,0,0,1,0,0,0,0,0,0,0,0,0,0,0,0,0,0,0,0,1,0,1,0,1,0,0,0,0,0,0,0,0,0,0,0,0,0,1,1,0,1,0,1,0,0,0,0,0,0
SRR13327200,SAMN17182387,PRJNA688598,Egypt,North Africa,Cairo,30.02273,31.23789,2018,2018,CVP Blood,Human clinical,Human,Cancer,Whole Genome Sequencing of Multidrug Resistant Acinetobacter baumannii - CCHE57372,Children's Cancer Hospital - Egypt 57357 (CCHE57357),Acinetobacter baumannii,NZ_NXGU01000001.1,968/1000,0.000780658,1,3964551,109,81392,39.1,231,0,0,1,0,0,0,0,0,1,0,1,1,1,1,0,0,1,0,1,0,0,0,0,0,0,0,0,0,0,0,0,0,0,0,0,1,0,0,0,0,0,0,0,0,0,0,0,0,0,0,0,0,0,0,0,0,0,0,0,0,0,0,0,0,0,0,0,0,0,0,1,0,0,0,0,0,0,0,0,0,0,1,0,0,0,0,0,0,0,0,0,0,0,0,0,0,1,0,0,0,0,0,0,0,0,0,0,0,0,0,0,0,1,0,0,0,0,1,0,0,0,0,0,0,0,0,0,0,0,0,0,1,1,1,1,0,0,1,0,0
SRR13327201,SAMN17182386,PRJNA688598,Egypt,North Africa,Cairo,30.02273,31.23789,2018,2018,CVP Blood,Human clinical,Human,Cancer,Whole Genome Sequencing of Multidrug Resistant Acinetobacter baumannii - CCHE57373,Children's Cancer Hospital - Egypt 57357 (CCHE57357),Acinetobacter baumannii,NZ_JAAOSU010000001.1,950/1000,0.00123693,1,4026579,163,45015,39.1,231,0,0,1,0,0,0,0,0,1,0,1,1,1,1,0,0,0,0,1,0,0,0,0,0,0,0,0,0,0,0,0,0,0,0,0,1,0,0,0,0,0,0,0,0,0,0,0,0,0,0,0,0,0,0,0,0,0,0,0,0,0,0,0,0,0,0,0,0,0,0,1,0,0,0,0,0,0,0,0,0,0,1,0,0,0,0,0,0,0,0,0,0,0,0,0,0,1,0,0,0,0,0,0,0,0,0,0,0,0,0,0,0,1,0,0,0,0,1,0,0,0,0,0,0,0,0,0,0,0,0,0,1,1,1,1,0,0,1,0,0
SRR13327203,SAMN17182384,PRJNA688598,Egypt,North Africa,Cairo,30.02273,31.23789,2018,2018,Blood,Human clinical,Human,Cancer,Whole Genome Sequencing of Multidrug Resistant Acinetobacter baumannii - CCHE57374,Children's Cancer Hospital - Egypt 57357 (CCHE57357),Acinetobacter baumannii,NZ_JAAOSB010000001.1,941/1000,0.00146992,1,3995065,279,25622,39.2,231,0,0,1,0,0,0,0,0,1,0,1,0,1,1,0,0,0,0,1,0,0,0,0,0,0,0,0,0,0,0,0,0,0,0,0,1,0,0,0,0,0,0,0,0,0,0,0,0,0,0,0,0,0,0,0,0,0,0,0,0,0,0,0,0,0,0,0,0,0,0,1,0,0,0,0,0,0,0,0,0,0,1,0,0,0,0,0,0,0,0,0,0,0,0,0,0,1,0,0,0,0,0,0,0,0,0,0,0,0,0,0,0,1,0,0,0,0,1,0,0,0,0,0,0,0,0,0,0,0,0,0,1,1,1,1,0,0,1,0,0
SRR13327204,SAMN17182383,PRJNA688598,Egypt,North Africa,Cairo,30.02273,31.23789,2018,2018,Blood,Human clinical,Human,Cancer,Whole Genome Sequencing of Multidrug Resistant Acinetobacter baumannii - CCHE57375,Children's Cancer Hospital - Egypt 57357 (CCHE57357),Acinetobacter baumannii,NZ_JAAOSB010000001.1,941/1000,0.00146992,1,3999026,237,34400,39.1,231,0,0,1,0,0,0,0,0,1,0,1,1,1,1,0,0,1,0,1,0,0,0,0,0,0,0,0,0,0,0,0,0,0,0,0,1,0,0,0,0,0,0,0,0,0,0,0,0,0,0,0,0,0,0,0,0,0,0,0,0,0,0,0,0,0,0,0,0,0,0,1,0,0,0,0,0,0,0,0,0,0,1,0,0,0,0,0,0,0,0,0,0,0,0,0,0,1,0,0,0,0,0,0,0,0,0,0,0,0,0,0,0,1,0,0,0,0,1,0,0,0,0,0,0,0,0,0,0,0,0,0,1,1,1,1,0,0,1,0,0
SRR13327205,SAMN17182382,PRJNA688598,Egypt,North Africa,Cairo,30.02273,31.23789,2018,2018,Blood,Human clinical,Human,Cancer,Whole Genome Sequencing of Multidrug Resistant Acinetobacter baumannii - CCHE57376,Children's Cancer Hospital - Egypt 57357 (CCHE57357),Acinetobacter baumannii,NZ_JAAGSH010000001.1,953/1000,0.00115999,2,3960145,273,27486,39.0,195,0,0,0,0,0,0,0,0,0,0,0,1,1,1,0,0,1,0,1,1,0,0,0,0,0,0,0,0,0,0,0,0,0,0,0,0,0,0,0,0,0,0,0,0,0,0,0,0,0,0,0,0,0,0,1,0,0,0,0,0,0,0,0,0,0,0,0,0,0,0,0,0,0,0,0,0,0,0,0,0,0,1,0,0,0,0,0,0,0,0,0,0,0,1,0,0,0,0,0,0,0,0,0,0,0,0,0,0,0,0,1,0,0,0,0,0,0,0,0,0,0,0,0,0,0,0,0,0,1,1,0,0,0,0,0,0,0,1,0,0
SRR13327206,SAMN17182381,PRJNA688598,Egypt,North Africa,Cairo,30.02273,31.23789,2017,2017,BAL,Human clinical,Human,Cancer,Whole Genome Sequencing of Multidrug Resistant Acinetobacter baumannii - CCHE57377,Children's Cancer Hospital - Egypt 57357 (CCHE57357),Acinetobacter baumannii,NZ_JAAOSU010000001.1,948/1000,0.00128842,1,4018418,212,42301,39.1,231,0,0,1,0,0,0,0,0,1,0,1,1,1,0,0,0,1,0,1,0,0,0,1,0,0,0,0,0,0,0,0,0,0,0,0,0,0,0,0,0,0,0,0,0,0,0,0,0,0,0,0,0,0,0,0,0,0,0,0,0,0,0,0,0,0,0,0,0,0,0,1,0,0,0,0,0,0,0,0,0,0,1,0,0,0,0,0,0,0,0,0,0,0,0,0,0,1,0,0,0,0,0,0,0,0,0,0,0,0,0,0,0,1,0,0,0,0,1,0,0,0,0,0,0,0,0,0,0,0,0,0,1,1,1,1,0,0,1,0,0
SRR13327207,SAMN17182372,PRJNA688598,Egypt,North Africa,Cairo,30.02273,31.23789,2016,2016,BAL,Human clinical,Human,Cancer,Whole Genome Sequencing of Multidrug Resistant Acinetobacter baumannii - CCHE57378,Children's Cancer Hospital - Egypt 57357 (CCHE57357),Acinetobacter baumannii,NZ_JAAOSU010000001.1,965/1000,0.000855821,1,3926103,262,28515,39.3,231,0,0,1,0,0,0,0,0,1,0,0,1,1,0,0,0,0,0,1,0,0,0,0,0,0,0,0,0,0,0,0,0,0,0,0,1,0,0,0,0,0,0,0,0,0,0,0,0,0,0,0,0,0,0,0,0,0,0,0,0,0,0,0,0,0,0,0,0,0,0,1,0,0,0,0,0,0,0,0,0,0,1,0,0,0,0,0,0,0,0,0,0,0,0,0,0,1,0,0,0,0,0,0,0,0,0,0,0,0,0,0,0,1,0,0,0,0,1,0,0,0,0,0,0,0,0,0,0,0,0,0,1,1,1,1,0,0,1,0,0
SRR13401434,SAMN17265991,PRJNA690827,Egypt,North Africa,Cairo,30.03,31.23,2020,2020,Endotracheal tube,Human clinical,Human,Chest infection,Whole genome sequencing of multidrug resistant Acinetobacter baumannii clinical isolates,October University for Modern Sciences and Arts,Acinetobacter baumannii,NZ_SNVM01000001.1,869/1000,0.0034604,2,3822166,547,12063,39.3,,0,0,0,0,1,0,0,0,1,0,0,1,1,1,0,0,0,0,1,1,0,0,0,0,0,0,0,0,0,0,0,0,0,0,0,0,0,0,0,0,0,0,0,0,0,0,1,0,0,0,0,0,0,0,0,0,0,0,0,0,0,0,0,0,0,0,0,0,0,0,0,0,0,0,0,0,0,0,0,0,0,1,0,0,0,0,0,0,0,0,0,0,0,1,0,0,0,0,0,0,0,0,0,0,0,0,0,0,0,0,1,0,0,0,1,0,0,0,0,0,0,0,0,0,0,0,0,0,1,1,0,1,0,1,1,0,0,0,0,0
SRR13430624,SAMN17265995,PRJNA690827,Egypt,North Africa,Cairo,30.03,31.23,2020,2020,Blood culture,Human clinical,Human,VAP,Whole genome sequencing of multidrug resistant Acinetobacter baumannii clinical isolates,October University for Modern Sciences and Arts,Acinetobacter baumannii,NZ_NKXQ01000001.1,853/1000,0.00393593,2,3705951,962,5730,39.6,,0,0,0,0,0,0,0,0,0,0,0,1,1,1,0,0,1,0,1,0,0,0,0,0,0,0,0,0,0,0,0,0,0,0,0,0,0,0,0,0,0,0,0,0,0,0,0,0,0,0,0,0,0,0,0,0,0,0,0,0,0,0,0,0,0,0,0,0,0,0,0,1,0,0,0,0,0,0,0,0,0,0,0,0,0,0,0,0,0,0,0,0,0,0,0,0,0,0,0,0,0,0,0,0,0,0,0,0,0,0,1,0,0,0,0,0,0,0,0,0,0,0,0,0,0,0,0,0,1,1,0,0,0,0,0,0,0,1,0,0
SRR13430625,SAMN17265994,PRJNA690827,Egypt,North Africa,Cairo,30.03,31.23,2020,2020,sputum,Human clinical,Human,Chest infection,Whole genome sequencing of multidrug resistant Acinetobacter baumannii clinical isolates,October University for Modern Sciences and Arts,Acinetobacter baumannii,NZ_VAOM01000001.1,946/1000,0.00134007,2,3816094,393,21266,39.2,195,0,0,0,0,0,0,0,0,0,0,0,1,1,1,0,0,0,0,1,1,0,0,1,0,0,0,0,0,0,0,0,0,0,0,0,0,0,0,0,0,0,0,0,0,0,0,0,0,0,0,0,0,0,0,0,0,0,0,0,0,0,0,0,0,0,0,0,0,0,0,0,0,0,0,0,0,0,0,0,0,0,1,0,0,0,0,0,0,0,0,0,0,0,1,0,0,0,0,0,0,0,0,0,0,0,0,0,0,0,0,1,0,0,0,0,0,0,0,0,0,0,0,0,0,0,0,0,0,1,1,0,0,0,0,1,0,0,1,0,0
SRR13430626,SAMN17265993,PRJNA690827,Egypt,North Africa,Cairo,30.03,31.23,2020,2020,Blood,Human clinical,Human,Fever 40,Whole genome sequencing of multidrug resistant Acinetobacter baumannii clinical isolates,October University for Modern Sciences and Arts,Acinetobacter baumannii,NZ_NEPX01000100.1,833/1000,0.00454897,113,4049844,973,6772,39.6,,0,0,0,0,0,0,0,0,0,0,0,1,1,0,0,0,0,0,1,1,1,0,0,0,0,0,0,0,0,0,0,0,0,0,0,0,0,0,0,0,0,0,0,0,0,0,0,0,0,0,0,0,1,0,0,0,0,0,0,0,0,0,0,0,0,0,0,0,0,0,0,1,0,0,0,0,0,0,0,0,0,0,0,0,0,0,0,0,0,0,0,0,0,0,0,0,0,0,0,0,0,0,0,0,0,0,0,1,0,0,0,0,0,0,0,0,1,0,0,0,0,0,0,0,0,0,0,0,1,1,0,1,0,1,1,0,0,1,0,0
SRR13430627,SAMN17265992,PRJNA690827,Egypt,North Africa,Cairo,30.03,31.23,2020,2020,Wound,Human clinical,Human,Sub ovarian abscess removal,Whole genome sequencing of multidrug resistant Acinetobacter baumannii clinical isolates,October University for Modern Sciences and Arts,Acinetobacter baumannii,NZ_QKWE01000001.1,926/1000,0.00186568,85,3829659,730,9161,39.4,1089,0,0,0,0,0,0,0,0,0,0,1,1,0,0,0,1,0,0,0,0,0,0,0,0,0,0,0,0,0,0,0,0,0,0,0,0,0,0,0,0,0,0,0,0,0,0,0,0,0,0,0,0,0,0,0,0,0,0,0,0,0,0,0,0,0,0,0,0,0,0,1,0,0,0,0,0,0,0,0,0,0,0,0,0,0,0,0,0,0,0,0,0,0,0,0,0,0,0,0,0,0,0,0,0,1,0,0,0,0,0,0,0,1,0,0,0,0,0,0,0,0,0,0,0,1,0,0,0,1,1,0,0,0,0,1,0,0,0,0,0
SRR14100602,SAMN17266001,PRJNA690827,Egypt,North Africa,Cairo,30.03,31.23,2020,2020,pleural,Human clinical,Human,Pneumonia,Whole genome sequencing of multidrug resistant Acinetobacter baumannii clinical isolates,October University for Modern Sciences and Arts,Acinetobacter baumannii,NZ_MWTW01000001.1,922/1000,0.00197282,85,3723792,858,7262,39.7,,0,0,0,0,0,0,0,0,0,0,1,1,0,0,0,1,0,0,0,0,0,0,0,0,0,0,0,0,0,0,0,0,0,0,0,0,0,0,0,0,0,0,0,0,0,0,0,0,0,0,0,0,0,0,0,0,0,0,0,0,0,0,0,0,0,0,0,0,0,0,1,1,0,0,0,0,0,0,0,0,0,0,0,0,0,0,0,0,0,0,0,0,0,0,0,0,0,0,0,0,0,0,0,0,0,0,0,0,0,0,0,0,1,0,0,0,0,0,0,0,0,0,0,0,1,0,0,0,1,1,0,0,0,0,1,0,0,0,0,0
SRR14101519,SAMN17266004,PRJNA690827,Egypt,North Africa,Cairo,30.03,31.23,2020,2020,Urine,Human clinical,Human,FUO,Whole genome sequencing of multidrug resistant Acinetobacter baumannii clinical isolates,October University for Modern Sciences and Arts,Acinetobacter baumannii,NZ_NEPX01000100.1,806/1000,0.00541137,,3896461,1009,5826,39.7,,0,0,0,0,0,0,0,0,0,0,0,1,1,0,0,0,0,0,1,0,0,0,0,0,0,0,0,0,0,0,0,0,0,0,0,0,0,0,0,0,0,0,0,0,0,0,0,0,0,0,0,0,0,0,0,0,0,0,0,0,0,0,0,0,0,0,0,0,0,0,0,1,0,0,0,0,0,0,0,0,0,0,0,0,0,0,0,0,0,0,0,0,0,0,0,0,0,0,0,0,0,0,0,0,0,0,0,0,0,0,0,0,0,0,0,0,0,0,0,0,0,0,0,0,0,0,0,0,0,0,0,0,0,0,1,0,0,1,0,0
SRR14101547,SAMN17266002,PRJNA690827,Egypt,North Africa,Cairo,30.03,31.23,2020,2020,Blood culture,Human clinical,Human,FUO,Whole genome sequencing of multidrug resistant Acinetobacter baumannii clinical isolates,October University for Modern Sciences and Arts,Acinetobacter baumannii,NZ_AMDE01000001.1,904/1000,0.0024636,19,3767592,501,14422,39.4,231,0,0,0,0,0,0,0,0,0,0,1,1,0,0,0,0,0,0,0,0,0,0,0,0,0,0,0,0,0,0,0,0,0,0,0,0,0,0,0,0,0,0,0,0,0,0,0,0,0,0,0,0,0,0,0,0,0,1,0,0,0,0,0,0,0,0,0,0,0,0,0,0,0,0,0,0,0,0,0,0,0,1,0,0,0,0,0,0,0,0,0,0,0,0,0,0,1,0,0,0,0,0,0,0,0,0,0,0,0,0,0,0,0,0,0,0,0,0,0,0,0,0,0,0,0,0,0,0,0,0,0,0,0,0,1,0,0,0,0,0
SRR14101709,SAMN17266003,PRJNA690827,Egypt,North Africa,Cairo,30.03,31.23,2020,2020,Wound,Human clinical,Human,FUO,Whole genome sequencing of multidrug resistant Acinetobacter baumannii clinical isolates,October University for Modern Sciences and Arts,Acinetobacter baumannii,NZ_WIHK01000100.1,930/1000,0.00175922,2,3808587,729,8962,39.3,195,0,0,0,0,0,0,0,0,0,0,0,1,1,1,0,0,0,0,1,1,0,0,0,0,0,0,0,0,0,0,0,0,0,0,0,0,0,0,0,0,0,0,0,0,0,0,0,0,0,0,0,0,0,0,1,0,0,0,0,0,0,0,0,0,0,0,0,0,0,0,0,1,0,0,0,0,0,0,0,0,0,1,0,0,0,0,0,0,0,0,0,0,0,0,0,0,0,0,0,0,0,0,0,0,0,0,0,0,0,0,1,0,0,0,0,0,0,0,0,0,0,0,0,0,0,0,0,0,1,1,0,0,0,0,1,0,0,1,0,0
SRR14101949,SAMN17266005,PRJNA690827,Egypt,North Africa,Cairo,30.03,31.23,2020,2020,Wound,Human clinical,Human,Burn 7% face and neck,Whole genome sequencing of multidrug resistant Acinetobacter baumannii clinical isolates,October University for Modern Sciences and Arts,Acinetobacter baumannii,NZ_AMDE01000001.1,923/1000,0.00194597,19,3843203,319,23241,39.2,231,0,0,0,0,0,0,0,0,0,0,1,1,0,0,0,0,0,0,0,0,0,0,0,0,0,0,0,0,0,0,0,0,0,0,0,0,0,0,0,0,0,0,0,0,0,0,0,0,0,0,0,0,0,0,0,0,0,1,0,0,0,0,0,0,0,0,0,0,0,0,0,0,0,0,0,0,0,0,0,0,0,1,0,0,0,0,0,0,0,0,0,0,0,0,0,0,1,0,0,0,0,0,0,0,0,0,0,0,0,0,0,0,0,0,0,0,0,0,0,0,0,0,0,0,0,0,0,0,0,0,0,0,0,0,1,0,0,0,0,0
SRR14102219,SAMN17266006,PRJNA690827,Egypt,North Africa,Cairo,30.03,31.23,2020,2020,Blood,Human clinical,Human,Fever 40,Whole genome sequencing of multidrug resistant Acinetobacter baumannii clinical isolates,October University for Modern Sciences and Arts,Acinetobacter baumannii,NZ_UFPQ01000049.1,879/1000,0.00316966,2,3893055,402,18969,39.2,1050,0,0,0,0,1,0,0,0,1,0,0,1,1,1,0,0,0,0,1,0,0,0,0,0,0,0,0,0,0,0,0,0,0,0,0,0,0,0,0,0,0,0,0,0,0,0,1,0,0,0,0,0,0,0,0,0,0,0,0,0,0,0,0,0,0,0,0,0,0,0,0,0,0,0,0,0,0,0,0,0,0,1,0,0,0,0,0,0,0,0,0,0,0,1,0,0,0,0,0,0,0,0,0,0,0,0,0,0,0,0,1,0,0,0,1,0,0,0,0,0,0,0,0,0,0,0,0,0,1,1,0,1,0,1,1,0,0,0,0,0
SRR14102306,SAMN17266007,PRJNA690827,Egypt,North Africa,Cairo,30.03,31.23,2020,2020,sputum,Human clinical,Human,Stroke,Whole genome sequencing of multidrug resistant Acinetobacter baumannii clinical isolates,October University for Modern Sciences and Arts,Acinetobacter baumannii,NZ_CM009036.2,895/1000,0.00271444,2,3949760,222,36893,39.0,1050,0,0,0,0,1,0,0,0,1,0,0,1,1,1,0,0,0,0,1,1,0,0,0,0,0,0,0,0,0,0,0,0,0,0,0,0,0,0,0,0,0,0,0,0,0,0,1,0,0,0,0,0,0,0,0,0,0,0,0,0,0,0,0,0,0,0,0,0,0,0,0,0,0,0,0,0,0,0,0,0,0,1,0,0,0,0,0,0,0,0,0,0,0,1,0,0,0,0,0,0,0,0,0,0,0,0,0,0,0,0,1,0,0,0,1,0,0,0,0,0,0,0,0,0,0,0,0,0,1,1,0,1,0,0,1,0,0,0,0,0
SRR14102521,SAMN17266008,PRJNA690827,Egypt,North Africa,Cairo,30.03,31.23,2020,2020,Blood,Human clinical,Human,FUO,Whole genome sequencing of multidrug resistant Acinetobacter baumannii clinical isolates,October University for Modern Sciences and Arts,Acinetobacter baumannii,NZ_LKMB01000001.1,929/1000,0.00178577,85,3911286,389,22044,39.1,1078,0,0,0,0,0,0,0,0,0,0,1,1,0,0,0,1,0,0,0,0,0,0,0,0,0,0,0,0,0,0,0,0,0,0,0,0,0,0,0,0,0,0,0,0,0,0,0,0,0,0,0,0,0,0,0,0,0,0,0,0,0,0,0,0,0,0,0,0,0,0,1,0,0,0,0,0,0,0,0,0,0,0,0,0,0,0,0,0,0,0,0,0,0,0,0,0,0,0,0,0,0,0,0,0,1,0,0,0,0,0,0,0,1,0,0,0,0,0,0,0,0,0,0,0,0,0,0,0,1,1,0,0,0,0,1,0,0,0,0,0
SRR14116705,SAMN17266009,PRJNA690827,Egypt,North Africa,Cairo,30.03,31.23,2020,2020,Blood,Human clinical,Human,FUO,Whole genome sequencing of multidrug resistant Acinetobacter baumannii clinical isolates,October University for Modern Sciences and Arts,Acinetobacter baumannii,NZ_UFKG01000087.1,812/1000,0.00521614,164,3558137,1132,4868,39.8,,0,0,0,0,0,0,0,0,0,0,1,1,0,0,0,0,0,0,0,0,0,0,1,0,0,0,0,0,0,0,0,0,0,0,0,0,0,0,0,0,0,0,0,0,0,0,0,0,0,0,0,0,0,0,0,0,0,0,0,0,0,0,0,1,0,0,0,0,0,0,1,0,0,0,0,0,0,0,0,0,0,0,0,0,0,0,0,0,0,0,0,0,0,0,0,0,0,0,0,0,0,0,0,1,0,0,0,0,0,0,0,0,1,0,0,0,0,0,0,0,0,0,0,0,0,0,0,0,0,0,0,0,0,0,0,0,0,0,0,0
SRR14116736,SAMN17266010,PRJNA690827,Egypt,North Africa,Cairo,30.03,31.23,2020,2020,Blood,Human clinical,Human,Splenectomy and feverish,Whole genome sequencing of multidrug resistant Acinetobacter baumannii clinical isolates,October University for Modern Sciences and Arts,Acinetobacter baumannii,NZ_LYNL01000001.1,836/1000,0.00445566,570,3842760,538,12881,39.5,1701,0,0,0,0,1,0,0,0,1,0,0,1,0,1,0,1,0,0,0,0,0,0,1,0,0,0,0,0,0,0,0,0,0,0,0,0,0,0,0,0,0,0,0,0,0,0,0,0,0,0,0,0,0,0,0,0,0,0,0,0,0,0,0,0,0,0,0,0,0,0,1,0,0,0,0,0,0,0,0,0,0,1,0,0,0,0,0,0,0,0,0,0,0,1,0,0,0,0,0,0,0,0,0,0,0,0,0,0,0,0,1,0,1,0,1,0,0,0,0,0,0,0,0,0,0,0,0,0,0,1,1,0,0,0,0,0,0,0,0,0
SRR14280111,SAMN18520915,PRJNA718726,South Africa,Southern Africa,,-29,24,2017,2017,hospital wastewater,Wastewater,,,Acinetobacter baumannii strain:FG116 Genome sequencing and assembly,UKZN,Acinetobacter baumannii,NZ_CP051866.1,916/1000,0.00213483,107,4035123,49,236927,39.0,1552,0,0,0,0,0,0,0,0,0,0,1,1,0,0,0,0,1,0,0,0,0,0,0,0,0,0,0,0,0,0,0,0,0,0,0,0,0,0,0,0,0,0,0,0,0,0,0,0,0,0,0,0,0,0,0,0,0,0,0,0,1,0,0,0,0,0,0,0,0,0,0,0,0,0,0,0,0,0,0,0,0,1,0,0,0,0,0,0,0,1,0,0,0,0,0,0,0,0,0,0,0,0,0,0,0,0,0,0,0,0,0,0,0,0,0,0,0,0,0,0,0,0,0,0,0,0,0,0,0,0,0,0,0,0,1,0,0,1,0,0
SRR14455652,SAMN18781032,PRJNA722597,South Africa,Southern Africa,KwaZulu-Natal,-28.3,25.3,2017,2017,,Not stated,Human,VAP,Acinetobacter baumannii strain:FG121 Genome sequencing and assembly,UKZN,Acinetobacter baumannii,NZ_CACRXX010000001.1,980/1000,0.000483446,1,4037152,76,129974,39.2,231,0,0,1,0,0,0,0,0,1,0,0,1,1,1,0,0,0,0,1,1,1,0,1,0,0,0,0,0,0,0,0,0,0,0,0,0,0,0,0,0,0,0,0,0,0,0,0,0,0,0,0,0,0,0,0,0,0,0,0,0,0,0,0,0,0,0,0,0,0,0,1,0,0,0,0,0,0,0,0,0,0,1,0,0,0,0,0,0,0,0,0,0,0,0,0,0,1,0,0,0,0,0,0,0,0,0,0,0,0,0,0,0,1,0,0,0,1,1,0,0,0,0,0,0,0,0,0,0,1,1,0,1,1,1,1,0,0,1,0,0
SRR17931033,SAMN25722230,PRJNA804332,Kenya,East Africa,,-1.28333,36.81667,2019,2019,Screening swab,Human clinical,Human,,Genomic transmission analysis of multidrug-resistant Gram-negative bacteria within a newborn unit of a Kenyan Tertiary hospital,"University Hospital, Goethe University Frankfurt am Main, Germany",Acinetobacter baumannii,NZ_JAAEFW010000001.1,947/1000,0.00131423,2,3959160,81,156524,39.0,2063,0,0,1,0,1,0,0,0,1,0,0,1,1,1,0,0,0,0,1,1,1,0,0,0,0,0,0,0,0,0,0,0,0,0,0,0,0,0,0,0,0,0,0,0,0,0,1,0,0,0,0,0,0,0,0,0,0,0,0,0,0,0,0,0,0,0,0,0,0,0,0,0,0,0,0,0,0,0,0,0,0,1,0,0,0,0,0,0,0,0,0,0,0,1,0,0,0,0,0,0,0,0,0,0,0,0,0,0,0,0,0,0,0,0,1,0,1,0,0,0,0,0,0,0,0,0,0,0,1,1,0,1,0,0,1,0,0,1,0,0
SRR17931048,SAMN25722314,PRJNA804332,Kenya,East Africa,,-1.28333,36.81667,2019,2019,Screening swab,Human clinical,Human,,Genomic transmission analysis of multidrug-resistant Gram-negative bacteria within a newborn unit of a Kenyan Tertiary hospital,"University Hospital, Goethe University Frankfurt am Main, Germany",Acinetobacter baumannii,NZ_VHEV01000001.1,826/1000,0.00476862,54,4174638,60,353729,38.9,,0,0,0,0,0,0,0,0,0,0,0,1,1,0,0,0,0,0,1,1,1,0,1,0,0,0,0,0,0,0,0,0,0,0,0,0,0,0,0,0,0,0,0,0,0,0,0,0,0,0,0,0,0,0,0,0,0,0,0,0,0,0,0,0,0,0,0,0,0,0,0,0,0,0,0,0,0,0,0,0,0,1,0,0,0,0,0,0,0,0,0,0,0,0,0,0,0,0,0,0,0,1,0,0,0,0,0,1,0,0,0,0,0,0,0,0,1,0,0,0,0,1,0,0,0,0,0,0,1,1,0,1,0,1,1,0,0,1,0,0
SRR17931144,SAMN25722229,PRJNA804332,Kenya,East Africa,,-1.28333,36.81667,2019,2019,Screening swab,Human clinical,Human,,Genomic transmission analysis of multidrug-resistant Gram-negative bacteria within a newborn unit of a Kenyan Tertiary hospital,"University Hospital, Goethe University Frankfurt am Main, Germany",Acinetobacter baumannii,NZ_VHEE01000001.1,871/1000,0.00340187,1,4020153,44,229435,38.8,405,0,0,0,0,0,0,0,0,0,0,0,1,0,0,0,0,0,0,0,0,0,0,0,0,0,0,0,0,0,0,0,0,0,0,0,0,0,0,0,0,0,0,0,0,0,0,0,0,0,0,0,0,0,0,1,0,0,0,0,0,0,0,0,0,0,0,0,0,0,0,0,0,0,0,0,0,0,0,0,0,0,1,0,0,0,0,0,0,0,0,0,0,0,0,0,0,1,0,0,0,0,0,0,0,0,0,0,0,0,0,0,0,0,0,0,0,0,0,0,0,0,0,0,0,0,0,0,0,0,0,0,0,0,0,1,0,0,0,0,0
SRR17931145,SAMN25722228,PRJNA804332,Kenya,East Africa,,-1.28333,36.81667,2019,2019,Screening swab,Human clinical,Human,,Genomic transmission analysis of multidrug-resistant Gram-negative bacteria within a newborn unit of a Kenyan Tertiary hospital,"University Hospital, Goethe University Frankfurt am Main, Germany",Acinetobacter baumannii,NZ_VHEE01000001.1,874/1000,0.00331442,1,4027386,50,278084,38.8,405,0,0,0,0,0,0,0,0,0,0,0,1,0,0,0,0,0,0,0,0,0,0,0,0,0,0,0,0,0,0,0,0,0,0,0,0,0,0,0,0,0,0,0,0,0,0,0,0,0,0,0,0,0,0,1,0,0,0,0,0,0,0,0,0,0,0,0,0,0,0,0,0,0,0,0,0,0,0,0,0,0,1,0,0,0,0,0,0,0,0,0,0,0,0,0,0,1,0,0,0,0,0,0,0,0,0,0,0,0,0,0,0,0,0,0,0,0,0,0,0,0,0,0,0,0,0,0,0,0,0,0,0,0,0,1,0,0,0,0,0
SRR18114233,SAMN26149365,PRJNA719017,South Africa,Southern Africa,KwaZulu-Natal,-28.503833,30.8875009,2017,2017,hospital wastewater,Wastewater,,,Acinetobacter baumannii Genome sequencing and assembly,Zoonosis Science Center,Acinetobacter baumannii,NZ_CACRXQ010000001.1,982/1000,0.000434439,1,4036178,80,126669,39.2,231,0,0,1,0,0,0,0,0,1,0,0,1,1,1,0,0,0,0,1,1,1,0,1,0,0,0,0,0,0,0,0,0,0,0,0,0,0,0,0,0,0,0,0,0,0,0,0,0,0,0,0,0,0,0,0,0,0,0,0,0,0,0,0,0,0,0,0,0,0,0,1,0,0,0,0,0,0,0,0,0,0,1,0,0,0,0,0,0,0,0,0,0,0,0,0,0,1,0,0,0,0,0,0,0,0,0,0,0,0,0,0,0,1,0,0,0,1,1,0,0,0,0,0,0,0,0,0,0,1,1,0,1,1,1,1,0,0,1,0,0
SRR19107616,SAMN28104610,PRJNA835506,South Africa,Southern Africa,,-25.44,28.11,1999,1999,Respiratory tract,Human clinical,Human,Respiratory infection,Other GC1 Acinetobacter baumannii Genome sequencing and assembly,The University of Sydney,Acinetobacter baumannii,NZ_CP010781.1,920/1000,0.00202665,1,4083746,65,201598,39.1,231,0,0,1,0,0,0,0,0,1,0,1,1,0,1,0,0,0,0,0,0,0,0,0,0,0,0,0,0,0,1,0,0,0,0,0,0,0,0,0,0,0,0,0,0,0,0,0,0,0,0,0,0,0,0,0,0,0,0,0,0,0,0,0,0,0,0,0,0,0,0,0,0,0,0,0,0,0,0,0,0,0,0,0,0,0,0,0,0,0,0,0,0,0,0,0,0,1,0,0,0,0,0,0,0,0,0,0,0,0,0,0,0,0,1,0,0,0,0,0,0,1,0,0,0,0,0,0,0,1,1,0,1,0,0,0,0,1,0,0,0
SRR25445074,SAMN36721169,PRJNA999198,Tunisia,North Africa,,33.886917,9.537499,2021,2021,Dial device,Hospital environment,,,Healthcare environment Acinetobacter baumannii in Tunisian,ANSES,Acinetobacter baumannii,NZ_NEOV01000010.1,948/1000,0.00128842,2,3921018,54,167920,39.0,451,0,0,0,0,0,0,0,0,0,0,0,1,1,0,0,0,0,0,1,1,0,0,0,0,0,0,0,0,0,0,0,0,0,0,0,0,0,0,0,0,0,0,0,0,0,0,0,0,0,0,0,0,0,0,1,0,0,0,0,0,0,0,0,0,0,0,0,0,0,0,0,0,0,0,0,0,0,0,0,0,0,1,0,0,0,0,0,0,0,0,0,0,0,1,0,0,0,0,0,0,0,0,0,0,0,0,0,0,0,0,0,0,0,1,0,0,0,0,0,0,0,0,0,0,0,0,0,0,1,1,0,1,0,1,0,0,0,1,0,0
SRR25445075,SAMN36721168,PRJNA999198,Tunisia,North Africa,,33.886917,9.537499,2021,2021,Bed,Hospital environment,,,Healthcare environment Acinetobacter baumannii in Tunisian,ANSES,Acinetobacter baumannii,NZ_NEOV01000010.1,948/1000,0.00128842,2,3920635,53,184719,39.0,451,0,0,0,0,0,0,0,0,0,0,0,1,1,0,0,0,0,0,1,1,0,0,0,0,0,0,0,0,0,0,0,0,0,0,0,0,0,0,0,0,0,0,0,0,0,0,0,0,0,0,0,0,0,0,1,0,0,0,0,0,0,0,0,0,0,0,0,0,0,0,0,0,0,0,0,0,0,0,0,0,0,1,0,0,0,0,0,0,0,0,0,0,0,1,0,0,0,0,0,0,0,0,0,0,0,0,0,0,0,0,0,0,0,1,0,0,0,0,0,0,0,0,0,0,0,0,0,0,1,1,0,1,0,1,0,0,0,1,0,0
SRR25445076,SAMN36721167,PRJNA999198,Tunisia,North Africa,,33.886917,9.537499,2021,2021,patient,Human clinical,Human,,Healthcare environment Acinetobacter baumannii in Tunisian,ANSES,Acinetobacter baumannii,NZ_NEOV01000010.1,949/1000,0.00126265,2,3920641,52,175856,39.0,451,0,0,0,0,0,0,0,0,0,0,0,1,1,0,0,0,0,0,1,1,0,0,0,0,0,0,0,0,0,0,0,0,0,0,0,0,0,0,0,0,0,0,0,0,0,0,0,0,0,0,0,0,0,0,1,0,0,0,0,0,0,0,0,0,0,0,0,0,0,0,0,0,0,0,0,0,0,0,0,0,0,1,0,0,0,0,0,0,0,0,0,0,0,1,0,0,0,0,0,0,0,0,0,0,0,0,0,0,0,0,0,0,0,1,0,0,0,0,0,0,0,0,0,0,0,0,0,0,1,1,0,1,0,1,0,0,0,1,0,0
SRR25445077,SAMN36721166,PRJNA999198,Tunisia,North Africa,,33.886917,9.537499,2021,2021,Bed,Hospital environment,,,Healthcare environment Acinetobacter baumannii in Tunisian,ANSES,Acinetobacter baumannii,NZ_PYEF01000010.1,943/1000,0.00141786,2,3844535,55,198445,39.0,451,0,0,0,0,0,0,0,0,0,0,0,1,1,0,0,0,0,0,1,1,0,0,0,0,0,0,0,0,0,0,0,0,0,0,0,0,0,0,0,0,0,0,0,0,0,0,0,0,0,0,0,0,0,0,1,0,0,0,0,0,0,0,0,0,0,0,0,0,0,0,0,0,0,0,0,0,0,0,0,0,0,1,0,0,0,0,0,0,0,0,0,0,0,1,0,0,0,0,0,0,0,0,0,0,0,0,0,0,0,0,0,0,0,1,0,0,0,0,0,0,0,0,0,0,0,0,0,0,1,1,0,1,0,1,0,0,0,1,0,0
SRR25445078,SAMN36721214,PRJNA999198,Tunisia,North Africa,,33.886917,9.537499,2021,2021,Stethoscope,Hospital environment,,,Healthcare environment Acinetobacter baumannii in Tunisian,ANSES,Acinetobacter baumannii,NZ_UFOW01000054.1,942/1000,0.00144387,2,3846124,58,182135,38.9,2091,0,0,0,0,0,0,0,0,0,0,0,1,1,0,0,0,0,0,1,1,0,0,0,0,0,0,0,0,0,0,0,0,0,0,0,0,0,0,0,0,0,0,0,0,0,0,0,0,0,0,0,0,0,0,1,0,0,0,0,0,0,0,0,0,0,0,0,0,0,0,0,0,0,0,0,0,0,0,0,0,0,1,0,0,0,0,0,0,0,0,0,0,0,1,0,0,0,0,0,0,0,0,0,0,0,0,0,0,0,0,0,0,0,0,0,0,0,0,0,0,0,0,0,0,0,0,0,0,1,1,0,0,0,0,0,0,0,1,0,0
SRR25445079,SAMN36721213,PRJNA999198,Tunisia,North Africa,,33.886917,9.537499,2021,2021,Syringe driver,Hospital environment,,,Healthcare environment Acinetobacter baumannii in Tunisian,ANSES,Acinetobacter baumannii,NZ_UFOW01000054.1,955/1000,0.0011089,2,3894305,66,152487,38.9,2091,0,0,0,0,0,0,0,0,0,0,0,1,1,0,0,0,0,0,1,1,0,0,0,0,0,0,0,0,0,0,0,0,0,0,0,0,0,0,0,0,0,0,0,0,0,0,0,0,0,0,0,0,0,0,1,0,0,0,0,0,0,0,0,0,0,0,0,0,0,0,0,0,0,0,0,0,0,0,0,0,0,1,0,0,0,0,0,0,0,0,0,0,0,1,0,0,0,0,0,0,0,0,0,0,0,0,0,0,0,0,0,0,0,0,0,0,0,0,0,0,0,0,0,0,0,0,0,0,1,1,0,0,0,0,0,0,0,1,0,0
SRR25445080,SAMN36721212,PRJNA999198,Tunisia,North Africa,,33.886917,9.537499,2021,2021,Paramedical personnel,Hospital personnel,Human,,Healthcare environment Acinetobacter baumannii in Tunisian,ANSES,Acinetobacter baumannii,NZ_UFOW01000054.1,948/1000,0.00128842,2,3874480,61,162136,38.9,2091,0,0,0,0,0,0,0,0,0,0,0,1,1,0,0,0,0,0,1,1,0,0,0,0,0,0,0,0,0,0,0,0,0,0,0,0,0,0,0,0,0,0,0,0,0,0,0,0,0,0,0,0,0,0,1,0,0,0,0,0,0,0,0,0,0,0,0,0,0,0,0,0,0,0,0,0,0,0,0,0,0,1,0,0,0,0,0,0,0,0,0,0,0,1,0,0,0,0,0,0,0,0,0,0,0,0,0,0,0,0,0,0,0,0,0,0,0,0,0,0,0,0,0,0,0,0,0,0,1,1,0,0,0,0,0,0,0,1,0,0
SRR25445081,SAMN36721211,PRJNA999198,Tunisia,North Africa,,33.886917,9.537499,2021,2021,patient,Human clinical,Human,,Healthcare environment Acinetobacter baumannii in Tunisian,ANSES,Acinetobacter baumannii,NZ_UFOW01000054.1,950/1000,0.00123693,2,3883191,65,162136,38.9,2091,0,0,0,0,0,0,0,0,0,0,0,1,1,0,0,0,0,0,1,1,0,0,0,0,0,0,0,0,0,0,0,0,0,0,0,0,0,0,0,0,0,0,0,0,0,0,0,0,0,0,0,0,0,0,1,0,0,0,0,0,0,0,0,0,0,0,0,0,0,0,0,0,0,0,0,0,0,0,0,0,0,1,0,0,0,0,0,0,0,0,0,0,0,1,0,0,0,0,0,0,0,0,0,0,0,0,0,0,0,0,0,0,0,0,0,0,0,0,0,0,0,0,0,0,0,0,0,0,1,1,0,0,0,0,0,0,0,1,0,0
SRR25445082,SAMN36721210,PRJNA999198,Tunisia,North Africa,,33.886917,9.537499,2021,2021,patient,Human clinical,Human,,Healthcare environment Acinetobacter baumannii in Tunisian,ANSES,Acinetobacter baumannii,NZ_UFOW01000054.1,955/1000,0.0011089,2,3893414,61,162136,38.9,2091,0,0,0,0,0,0,0,0,0,0,0,1,1,0,0,0,0,0,1,1,0,0,0,0,0,0,0,0,0,0,0,0,0,0,0,0,0,0,0,0,0,0,0,0,0,0,0,0,0,0,0,0,0,0,1,0,0,0,0,0,0,0,0,0,0,0,0,0,0,0,0,0,0,0,0,0,0,0,0,0,0,1,0,0,0,0,0,0,0,0,0,0,0,1,0,0,0,0,0,0,0,0,0,0,0,0,0,0,0,0,0,0,0,0,0,0,0,0,0,0,0,0,0,0,0,0,0,0,1,1,0,0,0,0,0,0,0,1,0,0
SRR25445083,SAMN36721165,PRJNA999198,Tunisia,North Africa,,33.886917,9.537499,2021,2021,Stethoscope,Hospital environment,,,Healthcare environment Acinetobacter baumannii in Tunisian,ANSES,Acinetobacter baumannii,NZ_MWTZ01000001.1,966/1000,0.000830728,85,3879002,55,260489,38.9,1089,0,0,0,0,0,0,0,0,0,0,1,1,0,0,0,1,0,0,0,0,0,0,1,0,0,0,0,0,0,0,0,0,0,0,0,0,0,0,0,0,0,0,0,0,0,0,0,0,0,0,0,0,0,0,0,0,0,0,0,0,0,0,0,0,0,0,0,0,0,0,1,0,0,0,0,0,0,0,0,0,0,0,0,0,0,0,0,0,0,0,0,0,0,0,0,0,0,0,0,0,0,0,0,0,1,0,0,0,0,0,0,0,1,0,0,0,0,0,0,0,0,0,0,0,0,0,0,0,1,1,0,0,0,0,1,1,0,0,0,0
SRR25445084,SAMN36721209,PRJNA999198,Tunisia,North Africa,,33.886917,9.537499,2021,2021,patient,Human clinical,Human,,Healthcare environment Acinetobacter baumannii in Tunisian,ANSES,Acinetobacter baumannii,NZ_UFOW01000054.1,954/1000,0.00113443,2,3889819,65,162136,38.9,2091,0,0,0,0,0,0,0,0,0,0,0,1,1,0,0,0,0,0,1,1,0,0,0,0,0,0,0,0,0,0,0,0,0,0,0,0,0,0,0,0,0,0,0,0,0,0,0,0,0,0,0,0,0,0,1,0,0,0,0,0,0,0,0,0,0,0,0,0,0,0,0,0,0,0,0,0,0,0,0,0,0,1,0,0,0,0,0,0,0,0,0,0,0,1,0,0,0,0,0,0,0,0,0,0,0,0,0,0,0,0,0,0,0,0,0,0,0,0,0,0,0,0,0,0,0,0,0,0,0,1,0,0,0,0,0,0,0,1,0,0
SRR25445085,SAMN36721208,PRJNA999198,Tunisia,North Africa,,33.886917,9.537499,2021,2021,patient,Human clinical,Human,,Healthcare environment Acinetobacter baumannii in Tunisian,ANSES,Acinetobacter baumannii,NZ_UFOW01000054.1,955/1000,0.0011089,2,3894342,62,162136,38.9,2091,0,0,0,0,0,0,0,0,0,0,0,1,1,0,0,0,0,0,1,1,0,0,0,0,0,0,0,0,0,0,0,0,0,0,0,0,0,0,0,0,0,0,0,0,0,0,0,0,0,0,0,0,0,0,1,0,0,0,0,0,0,0,0,0,0,0,0,0,0,0,0,0,0,0,0,0,0,0,0,0,0,1,0,0,0,0,0,0,0,0,0,0,0,1,0,0,0,0,0,0,0,0,0,0,0,0,0,0,0,0,0,0,0,0,0,0,0,0,0,0,0,0,0,0,0,0,0,0,1,1,0,0,0,0,0,0,0,1,0,0
SRR25445086,SAMN36721207,PRJNA999198,Tunisia,North Africa,,33.886917,9.537499,2021,2021,Care cart,Hospital environment,,,Healthcare environment Acinetobacter baumannii in Tunisian,ANSES,Acinetobacter baumannii,NZ_VARI01000001.1,946/1000,0.00134007,2,3807816,62,162136,39.0,2091,0,0,0,0,0,0,0,0,0,0,0,1,1,0,0,0,0,0,1,1,0,0,0,0,0,0,0,0,0,0,0,0,0,0,0,0,0,0,0,0,0,0,0,0,0,0,0,0,0,0,0,0,0,0,1,0,0,0,0,0,0,0,0,0,0,0,0,0,0,0,0,0,0,0,0,0,0,0,0,0,0,1,0,0,0,0,0,0,0,0,0,0,0,1,0,0,0,0,0,0,0,0,0,0,0,0,0,0,0,0,0,0,0,0,0,0,0,0,0,0,0,0,0,0,0,0,0,0,1,1,0,0,0,0,0,0,0,1,0,0
SRR25445087,SAMN36721206,PRJNA999198,Tunisia,North Africa,,33.886917,9.537499,2021,2021,patient,Human clinical,Human,,Healthcare environment Acinetobacter baumannii in Tunisian,ANSES,Acinetobacter baumannii,NZ_UFOW01000054.1,948/1000,0.00128842,2,3861070,65,162136,38.9,2091,0,0,0,0,0,0,0,0,0,0,0,1,1,0,0,0,0,0,1,1,0,0,0,0,0,0,0,0,0,0,0,0,0,0,0,0,0,0,0,0,0,0,0,0,0,0,0,0,0,0,0,0,0,0,1,0,0,0,0,0,0,0,0,0,0,0,0,0,0,0,0,0,0,0,0,0,0,0,0,0,0,1,0,0,0,0,0,0,0,0,0,0,0,1,0,0,0,0,0,0,0,0,0,0,0,0,0,0,0,0,0,0,0,0,0,0,0,0,0,0,0,0,0,0,0,0,0,0,1,1,0,0,0,0,0,0,0,1,0,0
SRR25445088,SAMN36721205,PRJNA999198,Tunisia,North Africa,,33.886917,9.537499,2021,2021,patient,Human clinical,Human,,Healthcare environment Acinetobacter baumannii in Tunisian,ANSES,Acinetobacter baumannii,NZ_UFOW01000054.1,937/1000,0.00157453,2,3827539,55,162136,38.9,2091,0,0,0,0,0,0,0,0,0,0,0,1,1,0,0,0,0,0,1,1,0,0,0,0,0,0,0,0,0,0,0,0,0,0,0,0,0,0,0,0,0,0,0,0,0,0,0,0,0,0,0,0,0,0,1,0,0,0,0,0,0,0,0,0,0,0,0,0,0,0,0,0,0,0,0,0,0,0,0,0,0,1,0,0,0,0,0,0,0,0,0,0,0,1,0,0,0,0,0,0,0,0,0,0,0,0,0,0,0,0,0,0,0,0,0,0,0,0,0,0,0,0,0,0,0,0,0,0,1,1,0,0,0,0,0,0,0,1,0,0
SRR25445089,SAMN36721204,PRJNA999198,Tunisia,North Africa,,33.886917,9.537499,2021,2021,Care cart,Hospital environment,,,Healthcare environment Acinetobacter baumannii in Tunisian,ANSES,Acinetobacter baumannii,NZ_UFOW01000054.1,955/1000,0.0011089,2,3894180,62,162136,38.9,2091,0,0,0,0,0,0,0,0,0,0,0,1,1,0,0,0,0,0,1,1,0,0,0,0,0,0,0,0,0,0,0,0,0,0,0,0,0,0,0,0,0,0,0,0,0,0,0,0,0,0,0,0,0,0,1,0,0,0,0,0,0,0,0,0,0,0,0,0,0,0,0,0,0,0,0,0,0,0,0,0,0,1,0,0,0,0,0,0,0,0,0,0,0,1,0,0,0,0,0,0,0,0,0,0,0,0,0,0,0,0,0,0,0,0,0,0,0,0,0,0,0,0,0,0,0,0,0,0,1,1,0,0,0,0,0,0,0,1,0,0
SRR25445090,SAMN36721203,PRJNA999198,Tunisia,North Africa,,33.886917,9.537499,2021,2021,Syringe driver,Hospital environment,,,Healthcare environment Acinetobacter baumannii in Tunisian,ANSES,Acinetobacter baumannii,NZ_UFOW01000054.1,955/1000,0.0011089,2,3894595,62,162136,38.9,2091,0,0,0,0,0,0,0,0,0,0,0,1,1,0,0,0,0,0,1,1,0,0,0,0,0,0,0,0,0,0,0,0,0,0,0,0,0,0,0,0,0,0,0,0,0,0,0,0,0,0,0,0,0,0,1,0,0,0,0,0,0,0,0,0,0,0,0,0,0,0,0,0,0,0,0,0,0,0,0,0,0,1,0,0,0,0,0,0,0,0,0,0,0,1,0,0,0,0,0,0,0,0,0,0,0,0,0,0,0,0,0,0,0,0,0,0,0,0,0,0,0,0,0,0,0,0,0,0,1,1,0,0,0,0,0,0,0,1,0,0
SRR25445091,SAMN36721202,PRJNA999198,Tunisia,North Africa,,33.886917,9.537499,2021,2021,Refrigerator handle,Hospital personnel,,,Healthcare environment Acinetobacter baumannii in Tunisian,ANSES,Acinetobacter baumannii,NZ_UFOW01000054.1,955/1000,0.0011089,2,3892828,61,162136,38.9,2091,0,0,0,0,0,0,0,0,0,0,0,1,1,0,0,0,0,0,1,1,0,0,0,0,0,0,0,0,0,0,0,0,0,0,0,0,0,0,0,0,0,0,0,0,0,0,0,0,0,0,0,0,0,0,1,0,0,0,0,0,0,0,0,0,0,0,0,0,0,0,0,0,0,0,0,0,0,0,0,0,0,1,0,0,0,0,0,0,0,0,0,0,0,1,0,0,0,0,0,0,0,0,0,0,0,0,0,0,0,0,0,0,0,0,0,0,0,0,0,0,0,0,0,0,0,0,0,0,1,1,0,0,0,0,0,0,0,1,0,0
SRR25445092,SAMN36721201,PRJNA999198,Tunisia,North Africa,,33.886917,9.537499,2021,2021,Medical personnel,Hospital personnel,Human,,Healthcare environment Acinetobacter baumannii in Tunisian,ANSES,Acinetobacter baumannii,NZ_UFOW01000054.1,955/1000,0.0011089,2,3894213,61,162136,38.9,2091,0,0,0,0,0,0,0,0,0,0,0,1,1,0,0,0,0,0,1,1,0,0,0,0,0,0,0,0,0,0,0,0,0,0,0,0,0,0,0,0,0,0,0,0,0,0,0,0,0,0,0,0,0,0,1,0,0,0,0,0,0,0,0,0,0,0,0,0,0,0,0,0,0,0,0,0,0,0,0,0,0,1,0,0,0,0,0,0,0,0,0,0,0,1,0,0,0,0,0,0,0,0,0,0,0,0,0,0,0,0,0,0,0,0,0,0,0,0,0,0,0,0,0,0,0,0,0,0,1,1,0,0,0,0,0,0,0,1,0,0
SRR25445094,SAMN36721164,PRJNA999198,Tunisia,North Africa,,33.886917,9.537499,2021,2021,patient,Human clinical,Human,,Healthcare environment Acinetobacter baumannii in Tunisian,ANSES,Acinetobacter baumannii,NZ_VHGP01000001.1,986/1000,0.000336872,85,4021854,47,260489,38.9,1089,0,0,0,0,0,0,0,0,0,0,1,1,0,0,0,1,0,0,0,0,0,0,0,0,0,0,0,0,0,0,0,0,0,0,0,0,0,0,0,0,0,0,0,0,0,0,0,0,0,0,0,0,0,0,0,0,0,0,1,0,0,0,0,0,0,0,0,0,0,0,1,0,0,0,0,0,0,0,0,0,0,0,0,0,0,0,0,0,0,0,0,0,0,0,0,0,0,0,0,0,0,0,0,0,1,0,0,0,0,0,0,0,1,0,0,0,0,0,0,0,0,0,0,0,0,0,0,0,1,1,0,0,0,0,1,1,0,0,0,0
SRR25445095,SAMN36721199,PRJNA999198,Tunisia,North Africa,,33.886917,9.537499,2021,2021,patient,Human clinical,Human,,Healthcare environment Acinetobacter baumannii in Tunisian,ANSES,Acinetobacter baumannii,NZ_UFOW01000054.1,941/1000,0.00146992,2,3856395,71,131055,38.9,2091,0,0,0,0,0,0,0,0,0,0,1,1,1,0,0,0,0,0,1,1,0,0,0,0,0,0,0,0,0,0,0,0,0,0,0,0,0,0,0,0,0,0,0,0,0,0,0,0,0,0,0,0,0,0,1,0,0,0,0,0,0,0,0,0,0,0,0,0,0,0,0,0,0,0,0,0,0,0,0,0,0,1,0,0,0,0,0,0,0,0,0,0,0,1,0,0,0,0,0,0,0,0,0,0,0,0,0,0,0,0,0,0,0,0,0,0,0,0,0,0,0,0,0,0,0,0,0,0,1,1,0,0,0,0,0,0,0,1,0,0
SRR25445096,SAMN36721198,PRJNA999198,Tunisia,North Africa,,33.886917,9.537499,2021,2021,patient,Human clinical,Human,,Healthcare environment Acinetobacter baumannii in Tunisian,ANSES,Acinetobacter baumannii,NZ_UFOW01000054.1,955/1000,0.0011089,2,3895470,63,160711,38.9,2091,0,0,0,0,0,0,0,0,0,0,0,1,1,0,0,0,0,0,1,1,0,0,0,0,0,0,0,0,0,0,0,0,0,0,0,0,0,0,0,0,0,0,0,0,0,0,0,0,0,0,0,0,0,0,1,0,0,0,0,0,0,0,0,0,0,0,0,0,0,0,0,0,0,0,0,0,0,0,0,0,0,1,0,0,0,0,0,0,0,0,0,0,0,1,0,0,0,0,0,0,0,0,0,0,0,0,0,0,0,0,0,0,0,0,0,0,0,0,0,0,0,0,0,0,0,0,0,0,1,1,0,0,0,0,0,0,0,1,0,0
SRR25445097,SAMN36721197,PRJNA999198,Tunisia,North Africa,,33.886917,9.537499,2021,2021,patient,Human clinical,Human,,Healthcare environment Acinetobacter baumannii in Tunisian,ANSES,Acinetobacter baumannii,NZ_UFOW01000054.1,955/1000,0.0011089,2,3895116,64,152487,38.9,2091,0,0,0,0,0,0,0,0,0,0,0,1,1,0,0,0,0,0,1,1,0,0,0,0,0,0,0,0,0,0,0,0,0,0,0,0,0,0,0,0,0,0,0,0,0,0,0,0,0,0,0,0,0,0,1,0,0,0,0,0,0,0,0,0,0,0,0,0,0,0,0,0,0,0,0,0,0,0,0,0,0,1,0,0,0,0,0,0,0,0,0,0,0,1,0,0,0,0,0,0,0,0,0,0,0,0,0,0,0,0,0,0,0,0,0,0,0,0,0,0,0,0,0,0,0,0,0,0,1,1,0,0,0,0,0,0,0,1,0,0
SRR25445098,SAMN36721196,PRJNA999198,Tunisia,North Africa,,33.886917,9.537499,2021,2021,patient,Human clinical,Human,,Healthcare environment Acinetobacter baumannii in Tunisian,ANSES,Acinetobacter baumannii,NZ_UFOW01000054.1,945/1000,0.00136596,2,3861026,63,162136,38.9,2091,0,0,0,0,0,0,0,0,0,0,0,1,1,0,0,0,0,0,1,1,0,0,0,0,0,0,0,0,0,0,0,0,0,0,0,0,0,0,0,0,0,0,0,0,0,0,0,0,0,0,0,0,0,0,1,0,0,0,0,0,0,0,0,0,0,0,0,0,0,0,0,0,0,0,0,0,0,0,0,0,0,1,0,0,0,0,0,0,0,0,0,0,0,1,0,0,0,0,0,0,0,0,0,0,0,0,0,0,0,0,0,0,0,0,0,0,0,0,0,0,0,0,0,0,0,0,0,0,1,1,0,0,0,0,0,0,0,1,0,0
SRR25445099,SAMN36721195,PRJNA999198,Tunisia,North Africa,,33.886917,9.537499,2021,2021,Bed,Hospital environment,,,Healthcare environment Acinetobacter baumannii in Tunisian,ANSES,Acinetobacter baumannii,NZ_UFOW01000054.1,955/1000,0.0011089,2,3892791,63,162136,38.9,2091,0,0,0,0,0,0,0,0,0,0,0,1,1,0,0,0,0,0,1,1,0,0,0,0,0,0,0,0,0,0,0,0,0,0,0,0,0,0,0,0,0,0,0,0,0,0,0,0,0,0,0,0,0,0,1,0,0,0,0,0,0,0,0,0,0,0,0,0,0,0,0,0,0,0,0,0,0,0,0,0,0,1,0,0,0,0,0,0,0,0,0,0,0,1,0,0,0,0,0,0,0,0,0,0,0,0,0,0,0,0,0,0,0,0,0,0,0,0,0,0,0,0,0,0,0,0,0,0,1,1,0,0,0,0,0,0,0,1,0,0
SRR25445100,SAMN36721194,PRJNA999198,Tunisia,North Africa,,33.886917,9.537499,2021,2021,patient,Human clinical,Human,,Healthcare environment Acinetobacter baumannii in Tunisian,ANSES,Acinetobacter baumannii,NZ_UFOW01000054.1,955/1000,0.0011089,2,3894703,62,162136,38.9,2091,0,0,0,0,0,0,0,0,0,0,0,1,1,0,0,0,0,0,1,1,0,0,0,0,0,0,0,0,0,0,0,0,0,0,0,0,0,0,0,0,0,0,0,0,0,0,0,0,0,0,0,0,0,0,1,0,0,0,0,0,0,0,0,0,0,0,0,0,0,0,0,0,0,0,0,0,0,0,0,0,0,1,0,0,0,0,0,0,0,0,0,0,0,1,0,0,0,0,0,0,0,0,0,0,0,0,0,0,0,0,0,0,0,0,0,0,0,0,0,0,0,0,0,0,0,0,0,0,1,1,0,0,0,0,0,0,0,1,0,0
SRR25445101,SAMN36721193,PRJNA999198,Tunisia,North Africa,,33.886917,9.537499,2021,2021,Respiratory assistance device,Hospital environment,,,Healthcare environment Acinetobacter baumannii in Tunisian,ANSES,Acinetobacter baumannii,NZ_UFOW01000054.1,955/1000,0.0011089,2,3895326,66,162136,38.9,2091,0,0,0,0,0,0,0,0,0,0,0,1,1,0,0,0,0,0,1,1,0,0,0,0,0,0,0,0,0,0,0,0,0,0,0,0,0,0,0,0,0,0,0,0,0,0,0,0,0,0,0,0,0,0,1,0,0,0,0,0,0,0,0,0,0,0,0,0,0,0,0,0,0,0,0,0,0,0,0,0,0,1,0,0,0,0,0,0,0,0,0,0,0,1,0,0,0,0,0,0,0,0,0,0,0,0,0,0,0,0,0,0,0,0,0,0,0,0,0,0,0,0,0,0,0,0,0,0,1,1,0,0,0,0,0,0,0,1,0,0
SRR25445102,SAMN36721192,PRJNA999198,Tunisia,North Africa,,33.886917,9.537499,2021,2021,Medical personnel,Hospital personnel,Human,,Healthcare environment Acinetobacter baumannii in Tunisian,ANSES,Acinetobacter baumannii,NZ_UFOW01000054.1,946/1000,0.00134007,2,3818975,61,162136,38.9,2091,0,0,0,0,0,0,0,0,0,0,0,1,1,0,0,0,0,0,1,1,0,0,0,0,0,0,0,0,0,0,0,0,0,0,0,0,0,0,0,0,0,0,0,0,0,0,0,0,0,0,0,0,0,0,1,0,0,0,0,0,0,0,0,0,0,0,0,0,0,0,0,0,0,0,0,0,0,0,0,0,0,1,0,0,0,0,0,0,0,0,0,0,0,1,0,0,0,0,0,0,0,0,0,0,0,0,0,0,0,0,0,0,0,0,0,0,0,0,0,0,0,0,0,0,0,0,0,0,1,1,0,0,0,0,0,0,0,1,0,0
SRR25445103,SAMN36721191,PRJNA999198,Tunisia,North Africa,,33.886917,9.537499,2021,2021,Paramedical personnel,Hospital personnel,Human,,Healthcare environment Acinetobacter baumannii in Tunisian,ANSES,Acinetobacter baumannii,NZ_UFOW01000054.1,955/1000,0.0011089,2,3893927,63,168218,38.9,2091,0,0,0,0,0,0,0,0,0,0,0,1,1,0,0,0,0,0,1,1,0,0,0,0,0,0,0,0,0,0,0,0,0,0,0,0,0,0,0,0,0,0,0,0,0,0,0,0,0,0,0,0,0,0,1,0,0,0,0,0,0,0,0,0,0,0,0,0,0,0,0,0,0,0,0,0,0,0,0,0,0,1,0,0,0,0,0,0,0,0,0,0,0,1,0,0,0,0,0,0,0,0,0,0,0,0,0,0,0,0,0,0,0,0,0,0,0,0,0,0,0,0,0,0,0,0,0,0,1,1,0,0,0,0,0,0,0,1,0,0
SRR25445104,SAMN36721190,PRJNA999198,Tunisia,North Africa,,33.886917,9.537499,2021,2021,Paramedical personnel,Hospital personnel,Human,,Healthcare environment Acinetobacter baumannii in Tunisian,ANSES,Acinetobacter baumannii,NZ_UFOW01000054.1,955/1000,0.0011089,2,3893433,58,168218,38.9,2091,0,0,0,0,0,0,0,0,0,0,0,1,1,0,0,0,0,0,1,1,0,0,0,0,0,0,0,0,0,0,0,0,0,0,0,0,0,0,0,0,0,0,0,0,0,0,0,0,0,0,0,0,0,0,1,0,0,0,0,0,0,0,0,0,0,0,0,0,0,0,0,0,0,0,0,0,0,0,0,0,0,1,0,0,0,0,0,0,0,0,0,0,0,1,0,0,0,0,0,0,0,0,0,0,0,0,0,0,0,0,0,0,0,0,0,0,0,0,0,0,0,0,0,0,0,0,0,0,1,1,0,0,0,0,0,0,0,1,0,0
SRR25445105,SAMN36721163,PRJNA999198,Tunisia,North Africa,,33.886917,9.537499,2021,2021,Defibrilator,Hospital environment,,,Healthcare environment Acinetobacter baumannii in Tunisian,ANSES,Acinetobacter baumannii,NZ_VHGP01000001.1,980/1000,0.000483446,85,3982230,55,220483,38.9,1089,0,0,0,0,0,0,0,0,0,0,1,1,0,0,0,1,0,0,0,0,0,0,0,0,0,0,0,0,0,0,0,0,0,0,0,0,0,0,0,0,0,0,0,0,0,0,0,0,0,0,0,0,0,0,0,0,0,0,1,0,0,0,0,0,0,0,0,0,0,0,1,0,0,0,0,0,0,0,0,0,0,0,0,0,0,0,0,0,0,0,0,0,0,0,0,0,0,0,0,0,0,0,0,0,1,0,0,0,0,0,0,0,1,0,0,0,0,0,0,0,0,0,0,0,0,0,0,0,1,1,0,0,0,0,1,1,0,0,0,0
SRR25445106,SAMN36721189,PRJNA999198,Tunisia,North Africa,,33.886917,9.537499,2021,2021,Paramedical personnel,Hospital personnel,Human,,Healthcare environment Acinetobacter baumannii in Tunisian,ANSES,Acinetobacter baumannii,NZ_UFOW01000054.1,955/1000,0.0011089,2,3893170,63,168218,38.9,2091,0,0,0,0,0,0,0,0,0,0,0,1,1,0,0,0,0,0,1,1,0,0,0,0,0,0,0,0,0,0,0,0,0,0,0,0,0,0,0,0,0,0,0,0,0,0,0,0,0,0,0,0,0,0,1,0,0,0,0,0,0,0,0,0,0,0,0,0,0,0,0,0,0,0,0,0,0,0,0,0,0,1,0,0,0,0,0,0,0,0,0,0,0,1,0,0,0,0,0,0,0,0,0,0,0,0,0,0,0,0,0,0,0,0,0,0,0,0,0,0,0,0,0,0,0,0,0,0,1,1,0,0,0,0,0,0,0,1,0,0
SRR25445107,SAMN36721188,PRJNA999198,Tunisia,North Africa,,33.886917,9.537499,2021,2021,Care cart,Hospital environment,,,Healthcare environment Acinetobacter baumannii in Tunisian,ANSES,Acinetobacter baumannii,NZ_UFOW01000054.1,945/1000,0.00136596,2,3865699,63,168218,38.9,2091,0,0,0,0,0,0,0,0,0,0,0,1,1,0,0,0,0,0,1,1,0,0,0,0,0,0,0,0,0,0,0,0,0,0,0,0,0,0,0,0,0,0,0,0,0,0,0,0,0,0,0,0,0,0,1,0,0,0,0,0,0,0,0,0,0,0,0,0,0,0,0,0,0,0,0,0,0,0,0,0,0,1,0,0,0,0,0,0,0,0,0,0,0,1,0,0,0,0,0,0,0,0,0,0,0,0,0,0,0,0,0,0,0,0,0,0,0,0,0,0,0,0,0,0,0,0,0,0,1,1,0,0,0,0,0,0,0,1,0,0
SRR25445108,SAMN36721187,PRJNA999198,Tunisia,North Africa,,33.886917,9.537499,2021,2021,Paramedical personnel,Hospital personnel,Human,,Healthcare environment Acinetobacter baumannii in Tunisian,ANSES,Acinetobacter baumannii,NZ_UFOW01000054.1,955/1000,0.0011089,2,3893674,64,161195,38.9,2091,0,0,0,0,0,0,0,0,0,0,0,1,1,0,0,0,0,0,1,1,0,0,0,0,0,0,0,0,0,0,0,0,0,0,0,0,0,0,0,0,0,0,0,0,0,0,0,0,0,0,0,0,0,0,1,0,0,0,0,0,0,0,0,0,0,0,0,0,0,0,0,0,0,0,0,0,0,0,0,0,0,1,0,0,0,0,0,0,0,0,0,0,0,1,0,0,0,0,0,0,0,0,0,0,0,0,0,0,0,0,0,0,0,0,0,0,0,0,0,0,0,0,0,0,0,0,0,0,1,1,0,0,0,0,0,0,0,1,0,0
SRR25445109,SAMN36721186,PRJNA999198,Tunisia,North Africa,,33.886917,9.537499,2021,2021,Disinfectant dispenser,Hospital environment,,,Healthcare environment Acinetobacter baumannii in Tunisian,ANSES,Acinetobacter baumannii,NZ_UFOW01000054.1,941/1000,0.00146992,2,3842719,58,162141,38.9,2091,0,0,0,0,0,0,0,0,0,0,0,1,1,0,0,0,0,0,1,1,0,0,0,0,0,0,0,0,0,0,0,0,0,0,0,0,0,0,0,0,0,0,0,0,0,0,0,0,0,0,0,0,0,0,1,0,0,0,0,0,0,0,0,0,0,0,0,0,0,0,0,0,0,0,0,0,0,0,0,0,0,1,0,0,0,0,0,0,0,0,0,0,0,1,0,0,0,0,0,0,0,0,0,0,0,0,0,0,0,0,0,0,0,0,0,0,0,0,0,0,0,0,0,0,0,0,0,0,1,1,0,0,0,0,0,0,0,1,0,0
SRR25445110,SAMN36721185,PRJNA999198,Tunisia,North Africa,,33.886917,9.537499,2021,2021,ECG device,Hospital environment,,,Healthcare environment Acinetobacter baumannii in Tunisian,ANSES,Acinetobacter baumannii,NZ_UFOW01000054.1,956/1000,0.00108342,2,3895317,65,168218,38.9,2091,0,0,0,0,0,0,0,0,0,0,0,1,1,0,0,0,0,0,1,1,0,0,0,0,0,0,0,0,0,0,0,0,0,0,0,0,0,0,0,0,0,0,0,0,0,0,0,0,0,0,0,0,0,0,1,0,0,0,0,0,0,0,0,0,0,0,0,0,0,0,0,0,0,0,0,0,0,0,0,0,0,1,0,0,0,0,0,0,0,0,0,0,0,1,0,0,0,0,0,0,0,0,0,0,0,0,0,0,0,0,0,0,0,0,0,0,0,0,0,0,0,0,0,0,0,0,0,0,1,1,0,0,0,0,0,0,0,1,0,0
SRR25445111,SAMN36721184,PRJNA999198,Tunisia,North Africa,,33.886917,9.537499,2021,2021,patient,Human clinical,Human,,Healthcare environment Acinetobacter baumannii in Tunisian,ANSES,Acinetobacter baumannii,NZ_JQSD01000001.1,951/1000,0.00121124,2,3873044,59,139056,38.9,2091,0,0,0,0,0,0,0,0,0,0,0,1,1,0,0,0,0,0,1,1,0,0,0,0,0,0,0,0,0,0,0,0,0,0,0,0,0,0,0,0,0,0,0,0,0,0,0,0,0,0,0,0,0,0,1,0,0,0,0,0,0,0,0,0,0,0,0,0,0,0,0,0,0,0,0,0,0,0,0,0,0,1,0,0,0,0,0,0,0,0,0,0,0,1,0,0,0,0,0,0,0,0,0,0,0,0,0,0,0,0,0,0,0,0,0,0,0,0,0,0,0,0,0,0,0,0,0,0,1,1,0,0,0,0,0,0,0,1,0,0
SRR25445112,SAMN36721183,PRJNA999198,Tunisia,North Africa,,33.886917,9.537499,2021,2021,IV pole,Hospital environment,,,Healthcare environment Acinetobacter baumannii in Tunisian,ANSES,Acinetobacter baumannii,NZ_UFOW01000054.1,955/1000,0.0011089,2,3893698,68,131055,38.9,2091,0,0,0,0,0,0,0,0,0,0,0,1,1,0,0,0,0,0,1,1,0,0,0,0,0,0,0,0,0,0,0,0,0,0,0,0,0,0,0,0,0,0,0,0,0,0,0,0,0,0,0,0,0,0,1,0,0,0,0,0,0,0,0,0,0,0,0,0,0,0,0,0,0,0,0,0,0,0,0,0,0,1,0,0,0,0,0,0,0,0,0,0,0,1,0,0,0,0,0,0,0,0,0,0,0,0,0,0,0,0,0,0,0,0,0,0,0,0,0,0,0,0,0,0,0,0,0,0,1,1,0,0,0,0,0,0,0,1,0,0
SRR25445113,SAMN36721182,PRJNA999198,Tunisia,North Africa,,33.886917,9.537499,2021,2021,Care cart,Hospital environment,,,Healthcare environment Acinetobacter baumannii in Tunisian,ANSES,Acinetobacter baumannii,NZ_UFOW01000054.1,923/1000,0.00194597,2,3774178,66,131059,38.9,2091,0,0,0,0,0,0,0,0,0,0,0,1,1,0,0,0,0,0,1,1,0,0,0,0,0,0,0,0,0,0,0,0,0,0,0,0,0,0,0,0,0,0,0,0,0,0,0,0,0,0,0,0,0,0,1,0,0,0,0,0,0,0,0,0,0,0,0,0,0,0,0,0,0,0,0,0,0,0,0,0,0,1,0,0,0,0,0,0,0,0,0,0,0,1,0,0,0,0,0,0,0,0,0,0,0,0,0,0,0,0,0,0,0,0,0,0,0,0,0,0,0,0,0,0,0,0,0,0,1,1,0,0,0,0,0,0,0,1,0,0
SRR25445114,SAMN36721181,PRJNA999198,Tunisia,North Africa,,33.886917,9.537499,2021,2021,Bed,Hospital environment,,,Healthcare environment Acinetobacter baumannii in Tunisian,ANSES,Acinetobacter baumannii,NZ_UFOW01000054.1,950/1000,0.00123693,2,3866715,61,162136,38.9,2091,0,0,0,0,0,0,0,0,0,0,0,1,1,0,0,0,0,0,1,1,0,0,0,0,0,0,0,0,0,0,0,0,0,0,0,0,0,0,0,0,0,0,0,0,0,0,0,0,0,0,0,0,0,0,1,0,0,0,0,0,0,0,0,0,0,0,0,0,0,0,0,0,0,0,0,0,0,0,0,0,0,1,0,0,0,0,0,0,0,0,0,0,0,1,0,0,0,0,0,0,0,0,0,0,0,0,0,0,0,0,0,0,0,0,0,0,0,0,0,0,0,0,0,0,0,0,0,0,1,1,0,0,0,0,0,0,0,1,0,0
SRR25445115,SAMN36721180,PRJNA999198,Tunisia,North Africa,,33.886917,9.537499,2021,2021,patient,Human clinical,Human,,Healthcare environment Acinetobacter baumannii in Tunisian,ANSES,Acinetobacter baumannii,NZ_UFOW01000054.1,946/1000,0.00134007,2,3860369,67,147313,38.9,2091,0,0,0,0,0,0,0,0,0,0,0,1,1,0,0,0,0,0,1,1,0,0,0,0,0,0,0,0,0,0,0,0,0,0,0,0,0,0,0,0,0,0,0,0,0,0,0,0,0,0,0,0,0,0,1,0,0,0,0,0,0,0,0,0,0,0,0,0,0,0,0,0,0,0,0,0,0,0,0,0,0,1,0,0,0,0,0,0,0,0,0,0,0,1,0,0,0,0,0,0,0,0,0,0,0,0,0,0,0,0,0,0,0,0,0,0,0,0,0,0,0,0,0,0,0,0,0,0,1,1,0,0,0,0,0,0,0,1,0,0
SRR25445116,SAMN36721162,PRJNA999198,Tunisia,North Africa,,33.886917,9.537499,2021,2021,Soap dispenser,Hospital environment,,,Healthcare environment Acinetobacter baumannii in Tunisian,ANSES,Acinetobacter baumannii,NZ_MWTZ01000001.1,973/1000,0.000656154,85,3908113,49,260489,38.9,1089,0,0,0,0,0,0,0,0,0,0,1,1,0,0,0,1,0,0,0,0,0,0,0,0,0,0,0,0,0,0,0,0,0,0,0,0,0,0,0,0,0,0,0,0,0,0,0,0,0,0,0,0,0,0,0,0,0,0,1,0,0,0,0,0,0,0,0,0,0,0,1,0,0,0,0,0,0,0,0,0,0,0,0,0,0,0,0,0,0,0,0,0,0,0,0,0,0,0,0,0,0,0,0,0,1,0,0,0,0,0,0,0,1,0,0,0,0,0,0,0,0,0,0,0,0,0,0,0,1,1,0,0,0,0,1,1,0,0,0,0
SRR25445117,SAMN36721179,PRJNA999198,Tunisia,North Africa,,33.886917,9.537499,2021,2021,Stethoscope,Hospital environment,,,Healthcare environment Acinetobacter baumannii in Tunisian,ANSES,Acinetobacter baumannii,NZ_UFOW01000054.1,930/1000,0.00175922,2,3764697,57,162136,38.9,2091,0,0,0,0,0,0,0,0,0,0,0,1,1,0,0,0,0,0,1,1,0,0,0,0,0,0,0,0,0,0,0,0,0,0,0,0,0,0,0,0,0,0,0,0,0,0,0,0,0,0,0,0,0,0,1,0,0,0,0,0,0,0,0,0,0,0,0,0,0,0,0,0,0,0,0,0,0,0,0,0,0,1,0,0,0,0,0,0,0,0,0,0,0,1,0,0,0,0,0,0,0,0,0,0,0,0,0,0,0,0,0,0,0,0,0,0,0,0,0,0,0,0,0,0,0,0,0,0,1,1,0,0,0,0,0,0,0,1,0,0
SRR25445118,SAMN36721178,PRJNA999198,Tunisia,North Africa,,33.886917,9.537499,2021,2021,Paramedical personnel,Hospital personnel,,,Healthcare environment Acinetobacter baumannii in Tunisian,ANSES,Acinetobacter baumannii,NZ_JQSD01000001.1,948/1000,0.00128842,2,3834414,61,162136,38.9,2091,0,0,0,0,0,0,0,0,0,0,0,1,1,0,0,0,0,0,1,1,0,0,0,0,0,0,0,0,0,0,0,0,0,0,0,0,0,0,0,0,0,0,0,0,0,0,0,0,0,0,0,0,0,0,1,0,0,0,0,0,0,0,0,0,0,0,0,0,0,0,0,0,0,0,0,0,0,0,0,0,0,1,0,0,0,0,0,0,0,0,0,0,0,1,0,0,0,0,0,0,0,0,0,0,0,0,0,0,0,0,0,0,0,0,0,0,0,0,0,0,0,0,0,0,0,0,0,0,1,1,0,0,0,0,0,0,0,1,0,0
SRR25445119,SAMN36721177,PRJNA999198,Tunisia,North Africa,,33.886917,9.537499,2021,2021,Bed,Hospital environment,,,Healthcare environment Acinetobacter baumannii in Tunisian,ANSES,Acinetobacter baumannii,NZ_UFOW01000054.1,944/1000,0.00139189,2,3865915,58,162141,38.9,2091,0,0,0,0,0,0,0,0,0,0,0,1,1,0,0,0,0,0,1,1,0,0,0,0,0,0,0,0,0,0,0,0,0,0,0,0,0,0,0,0,0,0,0,0,0,0,0,0,0,0,0,0,0,0,1,0,0,0,0,0,0,0,0,0,0,0,0,0,0,0,0,0,0,0,0,0,0,0,0,0,0,1,0,0,0,0,0,0,0,0,0,0,0,1,0,0,0,0,0,0,0,0,0,0,0,0,0,0,0,0,0,0,0,0,0,0,0,0,0,0,0,0,0,0,0,0,0,0,1,1,0,0,0,0,0,0,0,1,0,0
SRR25445120,SAMN36721176,PRJNA999198,Tunisia,North Africa,,33.886917,9.537499,2021,2021,Defibrilator,Hospital environment,,,Healthcare environment Acinetobacter baumannii in Tunisian,ANSES,Acinetobacter baumannii,NZ_VAFR01000001.1,955/1000,0.0011089,2,4097846,75,157682,38.9,195,0,0,0,0,0,0,0,0,0,0,0,1,1,0,0,0,0,0,1,1,0,0,0,0,0,0,0,0,0,0,0,0,0,0,0,0,0,0,0,0,0,0,0,0,0,0,0,0,0,0,0,0,0,0,1,0,0,0,0,0,0,0,0,0,0,0,0,0,0,0,0,0,0,0,0,0,0,0,0,0,0,1,0,0,0,0,0,0,0,0,0,0,0,1,0,0,0,0,0,0,0,0,0,0,0,0,0,0,0,0,0,0,0,1,0,0,0,0,0,0,0,0,0,0,0,0,0,0,1,1,0,0,0,0,0,0,0,1,0,0
SRR25445121,SAMN36721175,PRJNA999198,Tunisia,North Africa,,33.886917,9.537499,2021,2021,Care cart,Hospital environment,,,Healthcare environment Acinetobacter baumannii in Tunisian,ANSES,Acinetobacter baumannii,NZ_VAFR01000001.1,955/1000,0.0011089,2,4097339,76,142245,38.9,195,0,0,0,0,0,0,0,0,0,0,0,1,1,0,0,0,0,0,1,1,0,0,0,0,0,0,0,0,0,0,0,0,0,0,0,0,0,0,0,0,0,0,0,0,0,0,0,0,0,0,0,0,0,0,1,0,0,0,0,0,0,0,0,0,0,0,0,0,0,0,0,0,0,0,0,0,0,0,0,0,0,1,0,0,0,0,0,0,0,0,0,0,0,1,0,0,0,0,0,0,0,0,0,0,0,0,0,0,0,0,0,0,0,1,0,0,0,0,0,0,0,0,0,0,0,0,0,0,1,1,0,0,0,0,0,0,0,1,0,0
SRR25445122,SAMN36721174,PRJNA999198,Tunisia,North Africa,,33.886917,9.537499,2021,2021,Care cart,Hospital environment,,,Healthcare environment Acinetobacter baumannii in Tunisian,ANSES,Acinetobacter baumannii,NZ_NEPI01000010.1,948/1000,0.00128842,2,4031315,77,151724,39.0,195,0,0,0,0,0,0,0,0,0,0,0,1,1,0,0,0,0,0,1,1,0,0,0,0,0,0,0,0,0,0,0,0,0,0,0,0,0,0,0,0,0,0,0,0,0,0,0,0,0,0,0,0,0,0,1,0,0,0,0,0,0,0,0,0,0,0,0,0,0,0,0,0,0,0,0,0,0,0,0,0,0,1,0,0,0,0,0,0,0,0,0,0,0,1,0,0,0,0,0,0,0,0,0,0,0,0,0,0,0,0,0,0,0,1,0,0,0,0,0,0,0,0,0,0,0,0,0,0,1,1,0,0,0,0,0,0,0,1,0,0
SRR25445123,SAMN36721173,PRJNA999198,Tunisia,North Africa,,33.886917,9.537499,2021,2021,Soap dispenser,Hospital environment,,,Healthcare environment Acinetobacter baumannii in Tunisian,ANSES,Acinetobacter baumannii,NZ_VAFR01000001.1,955/1000,0.0011089,2,4096880,77,155923,38.9,195,0,0,0,0,0,0,0,0,0,0,0,1,1,0,0,0,0,0,1,1,0,0,0,0,0,0,0,0,0,0,0,0,0,0,0,0,0,0,0,0,0,0,0,0,0,0,0,0,0,0,0,0,0,0,1,0,0,0,0,0,0,0,0,0,0,0,0,0,0,0,0,0,0,0,0,0,0,0,0,0,0,1,0,0,0,0,0,0,0,0,0,0,0,1,0,0,0,0,0,0,0,0,0,0,0,0,0,0,0,0,0,0,0,1,0,0,0,0,0,0,0,0,0,0,0,0,0,0,1,1,0,0,0,0,0,0,0,1,0,0
SRR25445124,SAMN36721172,PRJNA999198,Tunisia,North Africa,,33.886917,9.537499,2021,2021,Furniture surface,Hospital environment,,,Healthcare environment Acinetobacter baumannii in Tunisian,ANSES,Acinetobacter baumannii,NZ_VAFR01000001.1,955/1000,0.0011089,2,4097029,78,142246,38.9,195,0,0,0,0,0,0,0,0,0,0,0,1,1,0,0,0,0,0,1,1,0,0,0,0,0,0,0,0,0,0,0,0,0,0,0,0,0,0,0,0,0,0,0,0,0,0,0,0,0,0,0,0,0,0,1,0,0,0,0,0,0,0,0,0,0,0,0,0,0,0,0,0,0,0,0,0,0,0,0,0,0,1,0,0,0,0,0,0,0,0,0,0,0,1,0,0,0,0,0,0,0,0,0,0,0,0,0,0,0,0,0,0,0,1,0,0,0,0,0,0,0,0,0,0,0,0,0,0,1,1,0,0,0,0,0,0,0,1,0,0
SRR25445125,SAMN36721171,PRJNA999198,Tunisia,North Africa,,33.886917,9.537499,2021,2021,patient,Human clinical,Human,,Healthcare environment Acinetobacter baumannii in Tunisian,ANSES,Acinetobacter baumannii,NZ_VAFR01000001.1,955/1000,0.0011089,2,4096066,77,140447,38.9,195,0,0,0,0,0,0,0,0,0,0,0,1,1,0,0,0,0,0,1,1,0,0,0,0,0,0,0,0,0,0,0,0,0,0,0,0,0,0,0,0,0,0,0,0,0,0,0,0,0,0,0,0,0,0,1,0,0,0,0,0,0,0,0,0,0,0,0,0,0,0,0,0,0,0,0,0,0,0,0,0,0,1,0,0,0,0,0,0,0,0,0,0,0,1,0,0,0,0,0,0,0,0,0,0,0,0,0,0,0,0,0,0,0,1,0,0,0,0,0,0,0,0,0,0,0,0,0,0,1,1,0,0,0,0,0,0,0,1,0,0
SRR25445126,SAMN36721170,PRJNA999198,Tunisia,North Africa,,33.886917,9.537499,2021,2021,Furniture surface,Hospital environment,,,Healthcare environment Acinetobacter baumannii in Tunisian,ANSES,Acinetobacter baumannii,NZ_VAFR01000001.1,951/1000,0.00121124,2,4092459,73,155923,38.9,195,0,0,0,0,0,0,0,0,0,0,0,1,1,0,0,0,0,0,1,1,0,0,0,0,0,0,0,0,0,0,0,0,0,0,0,0,0,0,0,0,0,0,0,0,0,0,0,0,0,0,0,0,0,0,1,0,0,0,0,0,0,0,0,0,0,0,0,0,0,0,0,0,0,0,0,0,0,0,0,0,0,1,0,0,0,0,0,0,0,0,0,0,0,1,0,0,0,0,0,0,0,0,0,0,0,0,0,0,0,0,0,0,0,1,0,0,0,0,0,0,0,0,0,0,0,0,0,0,1,1,0,0,0,0,0,0,0,1,0,0
SRR25445127,SAMN36721161,PRJNA999198,Tunisia,North Africa,,33.886917,9.537499,2021,2021,Furniture surface,Hospital environment,,,Healthcare environment Acinetobacter baumannii in Tunisian,ANSES,Acinetobacter baumannii,NZ_MWTZ01000001.1,958/1000,0.00103256,85,3840929,50,179908,38.8,1089,0,0,0,0,0,0,0,0,0,0,1,1,0,0,0,1,0,0,0,0,0,0,0,0,0,0,0,0,0,0,0,0,0,0,0,0,0,0,0,0,0,0,0,0,0,0,0,0,0,0,0,0,0,0,0,0,0,0,1,0,0,0,0,0,0,0,0,0,0,0,1,0,0,0,0,0,0,0,0,0,0,0,0,0,0,0,0,0,0,0,0,0,0,0,0,0,0,0,0,0,0,0,0,0,1,0,0,0,0,0,0,0,1,0,0,0,0,0,0,0,0,0,0,0,0,0,0,0,1,1,0,0,0,0,1,1,0,0,0,0
SRR25445128,SAMN36721160,PRJNA999198,Tunisia,North Africa,,33.886917,9.537499,2021,2021,Care cart,Hospital environment,,,Healthcare environment Acinetobacter baumannii in Tunisian,ANSES,Acinetobacter baumannii,NZ_VHGP01000001.1,987/1000,0.000312573,85,4020990,53,260489,38.9,1089,0,0,0,0,0,0,0,0,0,0,1,1,0,0,0,1,0,0,0,0,0,0,0,0,0,0,0,0,0,0,0,0,0,0,0,0,0,0,0,0,0,0,0,0,0,0,0,0,0,0,0,0,0,0,0,0,0,0,1,0,0,0,0,0,0,0,0,0,0,0,1,0,0,0,0,0,0,0,0,0,0,0,0,0,0,0,0,0,0,0,0,0,0,0,0,0,0,0,0,0,0,0,0,0,1,0,0,0,0,0,0,0,1,0,0,0,0,0,0,0,0,0,0,0,0,0,0,0,1,1,0,0,0,0,1,1,0,0,0,0
SRR28167554,SAMN40205360,PRJNA1082310,Botswana,Southern Africa,,-24.65,25.9,2021,2021,Blood,Human clinical,Human,,Botswana_Acinetobacter_baumannii,Children's Hospital of Philadelphia,Acinetobacter baumannii,NZ_CACRYG010000001.1,997/1000,7.15897e-05,1,4012665,88,116519,39.1,231,0,0,1,0,0,0,0,0,1,0,0,1,1,1,0,0,0,0,1,1,1,0,1,0,0,0,0,0,0,0,0,0,0,0,0,0,0,0,0,0,0,0,0,0,0,0,0,0,0,0,0,0,0,0,0,0,0,0,0,0,0,0,0,0,0,0,0,0,0,0,1,0,0,0,0,0,0,0,0,0,0,1,0,0,0,0,0,0,0,0,0,0,0,0,0,0,1,0,0,0,0,0,0,0,0,0,0,0,0,0,0,0,1,0,0,0,1,1,0,0,0,0,0,0,0,0,0,0,1,1,0,1,1,1,1,0,0,1,0,0
SRR28167555,SAMN40205359,PRJNA1082310,Botswana,Southern Africa,,-24.65,25.9,2021,2021,Blood,Human clinical,Human,,Botswana_Acinetobacter_baumannii,Children's Hospital of Philadelphia,Acinetobacter baumannii,NZ_CACRYG010000001.1,997/1000,7.15897e-05,1,4011417,90,116519,39.1,231,0,0,1,0,0,0,0,0,1,0,0,1,1,1,0,0,0,0,1,1,1,0,1,0,0,0,0,0,0,0,0,0,0,0,0,0,0,0,0,0,0,0,0,0,0,0,0,0,0,0,0,0,0,0,0,0,0,0,0,0,0,0,0,0,0,0,0,0,0,0,1,0,0,0,0,0,0,0,0,0,0,1,0,0,0,0,0,0,0,0,0,0,0,0,0,0,1,0,0,0,0,0,0,0,0,0,0,0,0,0,0,0,1,0,0,0,1,1,0,0,0,0,0,0,0,0,0,0,1,1,0,1,1,1,1,0,0,1,0,0
SRR28167556,SAMN40205358,PRJNA1082310,Botswana,Southern Africa,,-24.65,25.9,2021,2021,Blood,Human clinical,Human,,Botswana_Acinetobacter_baumannii,Children's Hospital of Philadelphia,Acinetobacter baumannii,NZ_CACRYG010000001.1,997/1000,7.15897e-05,1,4012332,90,116519,39.1,231,0,0,1,0,0,0,0,0,1,0,0,1,1,1,0,0,0,0,1,1,1,0,1,0,0,0,0,0,0,0,0,0,0,0,0,0,0,0,0,0,0,0,0,0,0,0,0,0,0,0,0,0,0,0,0,0,0,0,0,0,0,0,0,0,0,0,0,0,0,0,1,0,0,0,0,0,0,0,0,0,0,1,0,0,0,0,0,0,0,0,0,0,0,0,0,0,1,0,0,0,0,0,0,0,0,0,0,0,0,0,0,0,1,0,0,0,1,1,0,0,0,0,0,0,0,0,0,0,1,1,0,1,1,1,1,0,0,1,0,0
SRR28167557,SAMN40205341,PRJNA1082310,Botswana,Southern Africa,,-24.65,25.9,2021,2021,Sink basin,Hospital environment,Environment,,Botswana_Acinetobacter_baumannii,Children's Hospital of Philadelphia,Acinetobacter baumannii,NZ_RFBY01000001.1,748/1000,0.00741321,152,3761553,147,53133,39.0,,0,0,0,0,0,0,0,0,0,0,0,1,0,0,0,0,0,0,0,0,0,0,0,0,0,0,0,0,0,0,0,0,0,0,0,0,0,0,0,0,0,0,0,1,0,0,0,0,0,0,0,0,0,0,0,0,0,0,0,0,0,0,0,0,0,0,0,0,0,0,0,0,0,0,0,0,0,0,0,0,0,0,0,0,0,0,0,0,0,0,0,1,0,0,0,0,0,0,0,0,0,0,0,0,0,0,0,0,0,0,0,0,0,0,0,0,0,0,0,0,0,0,0,0,0,0,0,0,0,0,0,0,0,0,0,0,0,0,0,0
SRR28167558,SAMN40205357,PRJNA1082310,Botswana,Southern Africa,,-24.65,25.9,2021,2021,Blood,Human clinical,Human,,Botswana_Acinetobacter_baumannii,Children's Hospital of Philadelphia,Acinetobacter baumannii,NZ_QFBX01000001.1,851/1000,0.00399629,193,3831896,132,54937,39.0,2459,0,0,0,0,0,0,0,0,0,0,0,1,0,0,0,0,0,0,0,0,0,0,0,0,0,0,0,0,1,0,0,0,0,0,0,0,0,0,0,0,0,0,0,0,0,0,0,0,0,0,0,0,0,0,0,0,0,0,0,0,0,0,0,0,0,0,0,0,0,0,0,0,0,0,0,1,0,0,0,0,0,0,0,0,0,0,0,0,0,0,0,0,0,0,0,0,0,0,0,0,0,0,0,0,0,0,0,0,0,0,0,0,0,0,0,0,0,0,0,0,0,0,0,0,0,0,0,0,0,0,0,0,0,0,0,0,0,0,0,0
SRR28167559,SAMN40205356,PRJNA1082310,Botswana,Southern Africa,,-24.65,25.9,2021,2021,Blood,Human clinical,Human,,Botswana_Acinetobacter_baumannii,Children's Hospital of Philadelphia,Acinetobacter baumannii,NZ_CACRYG010000001.1,998/1000,4.76906e-05,1,4011680,89,116519,39.1,231,0,0,1,0,0,0,0,0,1,0,0,1,1,1,0,0,0,0,1,1,1,0,1,0,0,0,0,0,0,0,0,0,0,0,0,0,0,0,0,0,0,0,0,0,0,0,0,0,0,0,0,0,0,0,0,0,0,0,0,0,0,0,0,0,0,0,0,0,0,0,1,0,0,0,0,0,0,0,0,0,0,1,0,0,0,0,0,0,0,0,0,0,0,0,0,0,1,0,0,0,0,0,0,0,0,0,0,0,0,0,0,0,1,0,0,0,1,1,0,0,0,0,0,0,0,0,0,0,1,1,0,1,1,1,1,0,0,1,0,0
SRR28167560,SAMN40205355,PRJNA1082310,Botswana,Southern Africa,,-24.65,25.9,2021,2021,Blood,Human clinical,Human,,Botswana_Acinetobacter_baumannii,Children's Hospital of Philadelphia,Acinetobacter baumannii,NZ_CACRYG010000001.1,997/1000,7.15897e-05,1,4011820,91,106011,39.1,231,0,0,1,0,0,0,0,0,1,0,0,1,1,1,0,0,0,0,1,1,1,0,1,0,0,0,0,0,0,0,0,0,0,0,0,0,0,0,0,0,0,0,0,0,0,0,0,0,0,0,0,0,0,0,0,0,0,0,0,0,0,0,0,0,0,0,0,0,0,0,1,0,0,0,0,0,0,0,0,0,0,1,0,0,0,0,0,0,0,0,0,0,0,0,0,0,1,0,0,0,0,0,0,0,0,0,0,0,0,0,0,0,1,0,0,0,1,1,0,0,0,0,0,0,0,0,0,0,1,1,0,1,1,1,1,0,0,1,0,0
SRR28167561,SAMN40205354,PRJNA1082310,Botswana,Southern Africa,,-24.65,25.9,2022,2022,Blood,Human clinical,Human,,Botswana_Acinetobacter_baumannii,Children's Hospital of Philadelphia,Acinetobacter baumannii,NZ_CACRYG010000001.1,993/1000,0.000167546,1,4043312,90,116519,39.2,231,0,0,1,0,0,0,0,0,1,0,0,1,1,0,0,0,0,0,1,1,1,0,1,0,0,0,0,0,0,0,0,0,0,0,0,0,0,0,0,0,0,0,0,0,0,0,0,0,0,0,0,0,0,0,0,0,0,0,0,0,0,0,0,0,0,0,0,0,0,0,1,0,0,0,0,0,0,0,0,0,0,1,0,0,0,0,0,0,0,0,0,0,0,0,0,0,1,0,0,0,0,0,0,0,0,0,0,0,0,0,0,0,1,0,0,0,1,1,0,0,0,0,0,0,0,0,0,0,1,1,0,1,1,1,1,0,0,1,0,0
SRR28167562,SAMN40205353,PRJNA1082310,Botswana,Southern Africa,,-24.65,25.9,2022,2022,Blood,Human clinical,Human,,Botswana_Acinetobacter_baumannii,Children's Hospital of Philadelphia,Acinetobacter baumannii,NZ_CACRYG010000001.1,993/1000,0.000167546,1,4043738,87,123909,39.2,231,0,0,1,0,0,0,0,0,1,0,0,1,1,1,0,0,0,0,1,1,1,0,1,0,0,0,0,0,0,0,0,0,0,0,0,0,0,0,0,0,0,0,0,0,0,0,0,0,0,0,0,0,0,0,0,0,0,0,0,0,0,0,0,0,0,0,0,0,0,0,1,0,0,0,0,0,0,0,0,0,0,1,0,0,0,0,0,0,0,0,0,0,0,0,0,0,1,0,0,0,0,0,0,0,0,0,0,0,0,0,0,0,1,0,0,0,1,1,0,0,0,0,0,0,0,0,0,0,1,1,0,1,1,1,1,0,0,1,0,0
SRR28167563,SAMN40205352,PRJNA1082310,Botswana,Southern Africa,,-24.65,25.9,2022,2022,Blood,Human clinical,Human,,Botswana_Acinetobacter_baumannii,Children's Hospital of Philadelphia,Acinetobacter baumannii,NZ_JAAGTZ010000001.1,850/1000,0.00402654,976,3884287,33,256030,38.9,2730,0,0,0,0,0,0,0,0,0,0,0,1,0,0,0,0,0,0,0,0,0,0,0,1,0,0,0,0,0,0,0,0,0,0,0,0,0,0,0,0,0,0,0,0,0,0,0,0,0,0,0,0,0,0,0,0,0,0,0,0,0,0,0,0,0,0,0,0,0,0,0,0,0,1,0,0,0,0,0,0,0,0,0,0,0,0,0,0,0,0,0,0,0,0,0,0,0,0,0,0,0,0,0,0,0,0,0,0,0,0,0,0,0,0,0,0,0,0,0,0,0,0,0,0,0,0,0,0,0,0,0,0,0,0,0,0,0,0,0,0
SRR28167564,SAMN40205351,PRJNA1082310,Botswana,Southern Africa,,-24.65,25.9,2021,2021,Blood,Human clinical,Human,,Botswana_Acinetobacter_baumannii,Children's Hospital of Philadelphia,Acinetobacter baumannii,NZ_CACRYG010000001.1,997/1000,7.15897e-05,1,4011282,89,124425,39.1,231,0,0,1,0,0,0,0,0,1,0,0,1,1,1,0,0,0,0,1,1,1,0,1,0,0,0,0,0,0,0,0,0,0,0,0,0,0,0,0,0,0,0,0,0,0,0,0,0,0,0,0,0,0,0,0,0,0,0,0,0,0,0,0,0,0,0,0,0,0,0,1,0,0,0,0,0,0,0,0,0,0,1,0,0,0,0,0,0,0,0,0,0,0,0,0,0,1,0,0,0,0,0,0,0,0,0,0,0,0,0,0,0,1,0,0,0,1,1,0,0,0,0,0,0,0,0,0,0,1,1,0,1,1,1,1,0,0,1,0,0
SRR28167565,SAMN40205350,PRJNA1082310,Botswana,Southern Africa,,-24.65,25.9,2022,2022,Blood,Human clinical,Human,,Botswana_Acinetobacter_baumannii,Children's Hospital of Philadelphia,Acinetobacter baumannii,NZ_CACRYG010000001.1,983/1000,0.000409992,1,4000971,74,123867,39.2,231,0,0,1,0,0,0,0,0,1,0,0,1,1,1,0,0,0,0,1,1,1,0,1,0,0,0,0,0,0,0,0,0,0,0,0,0,0,0,0,0,0,0,0,0,0,0,0,0,0,0,0,0,0,0,0,0,0,0,0,0,0,0,0,0,0,0,0,0,0,0,1,0,0,0,0,0,0,0,0,0,0,1,0,0,0,0,0,0,0,0,0,0,0,0,0,0,1,0,0,0,0,0,0,0,0,0,0,0,0,0,0,0,1,0,0,0,1,1,0,0,0,0,0,0,0,0,0,0,1,1,0,1,1,1,1,0,0,1,0,0
SRR28167566,SAMN40205349,PRJNA1082310,Botswana,Southern Africa,,-24.65,25.9,2022,2022,Blood,Human clinical,Human,,Botswana_Acinetobacter_baumannii,Children's Hospital of Philadelphia,Acinetobacter baumannii,NZ_CACRYG010000001.1,994/1000,0.000143503,1,4043252,89,130269,39.2,231,0,0,1,0,0,0,0,0,1,0,0,1,1,0,0,0,0,0,1,1,1,0,1,0,0,0,0,0,0,0,0,0,0,0,0,0,0,0,0,0,0,0,0,0,0,0,0,0,0,0,0,0,0,0,0,0,0,0,0,0,0,0,0,0,0,0,0,0,0,0,1,0,0,0,0,0,0,0,0,0,0,1,0,0,0,0,0,0,0,0,0,0,0,0,0,0,1,0,0,0,0,0,0,0,0,0,0,0,0,0,0,0,1,0,0,0,1,1,0,0,0,0,0,0,0,0,0,0,1,1,0,1,1,1,1,0,0,1,0,0
SRR28167567,SAMN40205348,PRJNA1082310,Botswana,Southern Africa,,-24.65,25.9,2021,2021,Blood,Human clinical,Human,,Botswana_Acinetobacter_baumannii,Children's Hospital of Philadelphia,Acinetobacter baumannii,NZ_CACRYG010000001.1,994/1000,0.000143503,1,4041760,87,130269,39.2,231,0,0,1,0,0,0,0,0,1,0,0,1,1,0,0,0,0,0,1,1,1,0,1,0,0,0,0,0,0,0,0,0,0,0,0,0,0,0,0,0,0,0,0,0,0,0,0,0,0,0,0,0,0,0,0,0,0,0,0,0,0,0,0,0,0,0,0,0,0,0,1,0,0,0,0,0,0,0,0,0,0,1,0,0,0,0,0,0,0,0,0,0,0,0,0,0,1,0,0,0,0,0,0,0,0,0,0,0,0,0,0,0,1,0,0,0,1,1,0,0,0,0,0,0,0,0,0,0,1,1,0,1,1,1,1,0,0,1,0,0
SRR28167569,SAMN40205347,PRJNA1082310,Botswana,Southern Africa,,-24.65,25.9,2022,2022,Blood,Human clinical,Human,,Botswana_Acinetobacter_baumannii,Children's Hospital of Philadelphia,Acinetobacter baumannii,NZ_OVBZ01000056.1,521/1000,0.0180108,,4021818,21,483708,38.9,,0,0,0,0,0,0,0,0,0,0,0,1,0,0,0,0,0,0,0,0,0,0,1,0,0,0,0,0,0,0,0,0,0,0,0,0,0,0,0,0,0,0,0,0,0,0,0,0,0,0,0,0,0,0,0,0,0,0,0,0,0,0,0,0,0,0,0,0,0,0,0,0,0,0,0,0,0,0,0,0,0,0,1,0,0,0,0,0,0,0,0,0,0,0,0,0,0,0,0,0,0,0,0,0,0,0,0,0,0,0,0,0,0,0,0,0,0,0,0,0,0,0,0,0,0,0,0,0,0,0,0,0,0,0,0,0,0,0,0,0
SRR28167570,SAMN40205346,PRJNA1082310,Botswana,Southern Africa,,-24.65,25.9,2021,2021,Blood,Human clinical,Human,,Botswana_Acinetobacter_baumannii,Children's Hospital of Philadelphia,Acinetobacter baumannii,NZ_CACRYG010000001.1,985/1000,0.000361208,1,4017875,81,130269,39.1,231,0,0,1,0,0,0,0,0,1,0,0,1,1,0,0,0,0,0,1,0,0,0,1,0,0,0,0,0,0,0,0,0,0,0,0,0,0,0,0,0,0,0,0,0,0,0,0,0,0,0,0,0,0,0,0,0,0,0,0,0,0,0,0,0,0,0,0,0,0,0,1,0,0,0,0,0,0,0,0,0,0,1,0,0,0,0,0,0,0,0,0,0,0,0,0,0,1,0,0,0,0,0,0,0,0,0,0,0,0,0,0,0,1,0,0,0,0,1,0,0,0,0,0,0,0,0,0,0,0,0,0,1,1,1,1,0,0,1,0,0
SRR28167571,SAMN40205345,PRJNA1082310,Botswana,Southern Africa,,-24.65,25.9,2021,2021,Blood,Human clinical,Human,,Botswana_Acinetobacter_baumannii,Children's Hospital of Philadelphia,Acinetobacter baumannii,NZ_CACRYG010000001.1,993/1000,0.000167546,1,4041681,88,130269,39.2,231,0,0,1,0,0,0,0,0,1,0,0,1,1,0,0,0,0,0,1,1,1,0,1,0,0,0,0,0,0,0,0,0,0,0,0,0,0,0,0,0,0,0,0,0,0,0,0,0,0,0,0,0,0,0,0,0,0,0,0,0,0,0,0,0,0,0,0,0,0,0,1,0,0,0,0,0,0,0,0,0,0,1,0,0,0,0,0,0,0,0,0,0,0,0,0,0,1,0,0,0,0,0,0,0,0,0,0,0,0,0,0,0,1,0,0,0,1,1,0,0,0,0,0,0,0,0,0,0,1,1,0,1,1,1,1,0,0,1,0,0
SRR28167572,SAMN40205344,PRJNA1082310,Botswana,Southern Africa,,-24.65,25.9,2022,2022,Blood,Human clinical,Human,,Botswana_Acinetobacter_baumannii,Children's Hospital of Philadelphia,Acinetobacter baumannii,NZ_CACRYG010000001.1,997/1000,7.15897e-05,1,4011946,90,116519,39.1,231,0,0,1,0,0,0,0,0,1,0,0,1,1,1,0,0,0,0,1,1,1,0,1,0,0,0,0,0,0,0,0,0,0,0,0,0,0,0,0,0,0,0,0,0,0,0,0,0,0,0,0,0,0,0,0,0,0,0,0,0,0,0,0,0,0,0,0,0,0,0,1,0,0,0,0,0,0,0,0,0,0,1,0,0,0,0,0,0,0,0,0,0,0,0,0,0,1,0,0,0,0,0,0,0,0,0,0,0,0,0,0,0,1,0,0,0,1,1,0,0,0,0,0,0,0,0,0,0,1,1,0,1,1,1,1,0,0,1,0,0
SRR28167573,SAMN40205325,PRJNA1082310,Botswana,Southern Africa,,-24.65,25.9,2022,2022,Blood,Human clinical,Human,,Botswana_Acinetobacter_baumannii,Children's Hospital of Philadelphia,Acinetobacter baumannii,NZ_CACRYG010000001.1,992/1000,0.000191626,1,4044540,89,124425,39.2,231,0,0,1,0,0,0,0,0,1,0,0,1,1,1,0,0,0,0,1,1,1,0,1,0,0,0,0,0,0,0,0,0,0,0,0,0,0,0,0,0,0,0,0,0,0,0,0,0,0,0,0,0,0,0,0,0,0,0,0,0,0,0,0,0,0,0,0,0,0,0,1,0,0,0,0,0,0,0,0,0,0,1,0,0,0,0,0,0,0,0,0,0,0,0,0,0,1,0,0,0,0,0,0,0,0,0,0,0,0,0,0,0,1,0,0,0,1,1,0,0,0,0,0,0,0,0,0,0,1,1,0,1,1,1,1,0,0,1,0,0
SRR28167574,SAMN40205324,PRJNA1082310,Botswana,Southern Africa,,-24.65,25.9,2022,2022,Blood,Human clinical,Human,,Botswana_Acinetobacter_baumannii,Children's Hospital of Philadelphia,Acinetobacter baumannii,NZ_CACRYG010000001.1,992/1000,0.000191626,1,4043302,88,125108,39.2,231,0,0,1,0,0,0,0,0,1,0,0,1,1,1,0,0,0,0,1,1,1,0,1,0,0,0,0,0,0,0,0,0,0,0,0,0,0,0,0,0,0,0,0,0,0,0,0,0,0,0,0,0,0,0,0,0,0,0,0,0,0,0,0,0,0,0,0,0,0,0,1,0,0,0,0,0,0,0,0,0,0,1,0,0,0,0,0,0,0,0,0,0,0,0,0,0,1,0,0,0,0,0,0,0,0,0,0,0,0,0,0,0,1,0,0,0,1,1,0,0,0,0,0,0,0,0,0,0,1,1,0,1,1,1,1,0,0,1,0,0
SRR28167575,SAMN40205323,PRJNA1082310,Botswana,Southern Africa,,-24.65,25.9,2022,2022,Blood,Human clinical,Human,,Botswana_Acinetobacter_baumannii,Children's Hospital of Philadelphia,Acinetobacter baumannii,NZ_CACRYG010000001.1,991/1000,0.000215742,1,4022223,85,116519,39.2,231,0,0,1,0,0,0,0,0,1,0,0,1,1,0,0,0,0,0,1,1,1,0,1,0,0,0,0,0,0,0,0,0,0,0,0,0,0,0,0,0,0,0,0,0,0,0,0,0,0,0,0,0,0,0,0,0,0,0,0,0,0,0,0,0,0,0,0,0,0,0,1,0,0,0,0,0,0,0,0,0,0,1,0,0,0,0,0,0,0,0,0,0,0,0,0,0,1,0,0,0,0,0,0,0,0,0,0,0,0,0,0,0,1,0,0,0,1,1,0,0,0,0,0,0,0,0,0,0,1,1,0,1,1,1,1,0,0,0,0,0
SRR28167576,SAMN40205322,PRJNA1082310,Botswana,Southern Africa,,-24.65,25.9,2022,2022,Blood,Human clinical,Human,,Botswana_Acinetobacter_baumannii,Children's Hospital of Philadelphia,Acinetobacter baumannii,NZ_CACRYG010000001.1,994/1000,0.000143503,1,4042546,90,116519,39.2,231,0,0,1,0,0,0,0,0,1,0,0,1,1,0,0,0,0,0,1,1,1,0,1,0,0,0,0,0,0,0,0,0,0,0,0,0,0,0,0,0,0,0,0,0,0,0,0,0,0,0,0,0,0,0,0,0,0,0,0,0,0,0,0,0,0,0,0,0,0,0,1,0,0,0,0,0,0,0,0,0,0,1,0,0,0,0,0,0,0,0,0,0,0,0,0,0,1,0,0,0,0,0,0,0,0,0,0,0,0,0,0,0,1,0,0,0,1,1,0,0,0,0,0,0,0,0,0,0,1,1,0,1,1,1,1,0,0,1,0,0
SRR28167577,SAMN40205321,PRJNA1082310,Botswana,Southern Africa,,-24.65,25.9,2022,2022,Blood,Human clinical,Human,,Botswana_Acinetobacter_baumannii,Children's Hospital of Philadelphia,Acinetobacter baumannii,NZ_RFCR01000018.1,927/1000,0.001839,1438,3897509,104,579884,38.8,2558,0,0,0,0,0,0,0,0,0,0,0,1,0,0,0,0,0,0,0,0,0,0,0,0,0,0,0,0,0,0,0,0,0,0,0,0,0,0,0,0,0,0,0,0,0,0,0,0,0,0,0,0,1,0,0,0,0,0,0,0,0,0,0,0,0,0,0,0,0,0,0,0,0,0,0,0,0,0,0,0,0,0,0,0,0,0,0,0,0,0,0,0,1,0,0,0,0,0,0,0,0,0,0,0,0,0,0,0,0,0,0,0,0,0,0,0,0,0,0,0,0,0,0,0,0,0,0,0,0,0,0,0,0,0,0,0,0,0,0,0
SRR28167578,SAMN40205320,PRJNA1082310,Botswana,Southern Africa,,-24.65,25.9,2021,2021,Blood,Human clinical,Human,,Botswana_Acinetobacter_baumannii,Children's Hospital of Philadelphia,Acinetobacter baumannii,NZ_CACRYG010000001.1,997/1000,7.15897e-05,1,4011572,88,124425,39.1,231,0,0,1,0,0,0,0,0,1,0,0,1,1,1,0,0,0,0,1,1,1,0,1,0,0,0,0,0,0,0,0,0,0,0,0,0,0,0,0,0,0,0,0,0,0,0,0,0,0,0,0,0,0,0,0,0,0,0,0,0,0,0,0,0,0,0,0,0,0,0,1,0,0,0,0,0,0,0,0,0,0,1,0,0,0,0,0,0,0,0,0,0,0,0,0,0,1,0,0,0,0,0,0,0,0,0,0,0,0,0,0,0,1,0,0,0,1,1,0,0,0,0,0,0,0,0,0,0,1,1,0,1,1,1,1,0,0,1,0,0
SRR28167579,SAMN40205337,PRJNA1082310,Botswana,Southern Africa,,-24.65,25.9,2021,2021,Hand swab,Hospital personnel,Human,,Botswana_Acinetobacter_baumannii,Children's Hospital of Philadelphia,Acinetobacter baumannii,NZ_CACRYG010000001.1,997/1000,7.15897e-05,1,4012619,91,124425,39.1,231,0,0,1,0,0,0,0,0,1,0,0,1,1,1,0,0,0,0,1,1,1,0,1,0,0,0,0,0,0,0,0,0,0,0,0,0,0,0,0,0,0,0,0,0,0,0,0,0,0,0,0,0,0,0,0,0,0,0,0,0,0,0,0,0,0,0,0,0,0,0,1,0,0,0,0,0,0,0,0,0,0,1,0,0,0,0,0,0,0,0,0,0,0,0,0,0,1,0,0,0,0,0,0,0,0,0,0,0,0,0,0,0,1,0,0,0,1,1,0,0,0,0,0,0,0,0,0,0,1,1,0,1,1,1,1,0,0,1,0,0
SRR28167581,SAMN40205326,PRJNA1082310,Botswana,Southern Africa,,-24.65,25.9,2021,2021,Environmental swab,Hospital environment,Environment,,Botswana_Acinetobacter_baumannii,Children's Hospital of Philadelphia,Acinetobacter baumannii,NZ_CACRYG010000001.1,997/1000,7.15897e-05,1,4011875,89,124425,39.1,231,0,0,1,0,0,0,0,0,1,0,0,1,1,1,0,0,0,0,1,1,1,0,1,0,0,0,0,0,0,0,0,0,0,0,0,0,0,0,0,0,0,0,0,0,0,0,0,0,0,0,0,0,0,0,0,0,0,0,0,0,0,0,0,0,0,0,0,0,0,0,1,0,0,0,0,0,0,0,0,0,0,1,0,0,0,0,0,0,0,0,0,0,0,0,0,0,1,0,0,0,0,0,0,0,0,0,0,0,0,0,0,0,1,0,0,0,1,1,0,0,0,0,0,0,0,0,0,0,1,1,0,1,1,1,1,0,0,1,0,0
SRR28167582,SAMN40205343,PRJNA1082310,Botswana,Southern Africa,,-24.65,25.9,2021,2021,Sink basin,Hospital environment,Environment,,Botswana_Acinetobacter_baumannii,Children's Hospital of Philadelphia,Acinetobacter baumannii,NZ_CACRYG010000001.1,997/1000,7.15897e-05,1,4012178,89,124425,39.1,231,0,0,1,0,0,0,0,0,1,0,0,1,1,1,0,0,0,0,1,1,1,0,1,0,0,0,0,0,0,0,0,0,0,0,0,0,0,0,0,0,0,0,0,0,0,0,0,0,0,0,0,0,0,0,0,0,0,0,0,0,0,0,0,0,0,0,0,0,0,0,1,0,0,0,0,0,0,0,0,0,0,1,0,0,0,0,0,0,0,0,0,0,0,0,0,0,1,0,0,0,0,0,0,0,0,0,0,0,0,0,0,0,1,0,0,0,1,1,0,0,0,0,0,0,0,0,0,0,1,1,0,1,1,1,1,0,0,1,0,0
SRR28167584,SAMN40205340,PRJNA1082310,Botswana,Southern Africa,,-24.65,25.9,2021,2021,Sink plumbing trap,Hospital environment,Environment,,Botswana_Acinetobacter_baumannii,Children's Hospital of Philadelphia,Acinetobacter baumannii,NZ_RFBY01000001.1,748/1000,0.00741321,152,3761535,150,53133,39.0,,0,0,0,0,0,0,0,0,0,0,0,1,0,0,0,0,0,0,0,0,0,0,0,0,0,0,0,0,0,0,0,0,0,0,0,0,0,0,0,0,0,0,0,1,0,0,0,0,0,0,0,0,0,0,0,0,0,0,0,0,0,0,0,0,0,0,0,0,0,0,0,0,0,0,0,0,0,0,0,0,0,0,0,0,0,0,0,0,0,0,0,1,0,0,0,0,0,0,0,0,0,0,0,0,0,0,0,0,0,0,0,0,0,0,0,0,0,0,0,0,0,0,0,0,0,0,0,0,0,0,0,0,0,0,0,0,0,0,0,0
SRR8618098,SAMN09768096,PRJNA411997,Ghana,West Africa,Kumasi,6.6666,-1.6163,2015,2015,urethral swab,Human clinical,Human,Uritritis,MDR ESKAPE pathogens,Norwegian National Advisory Unit on Detection of Antimicrobial Resistance,Acinetobacter baumannii,NZ_QTKC01000085.1,995/1000,0.000119496,164,4006984,131,68210,39.0,1418,0,0,0,0,0,0,0,0,0,0,1,1,0,0,0,0,0,0,0,0,0,0,0,0,0,0,0,0,0,0,0,0,0,0,0,0,0,0,0,0,0,0,0,0,0,0,0,0,0,0,0,1,0,0,0,0,0,0,0,0,0,0,0,1,0,0,0,0,0,0,0,0,0,0,0,0,0,0,0,0,0,0,0,0,0,0,0,0,0,0,0,0,0,0,0,0,0,0,0,0,0,0,0,1,0,0,0,0,0,0,0,0,0,0,0,0,0,0,0,0,0,0,0,0,0,0,0,0,0,0,0,0,0,0,1,1,0,0,0,0
SRR8618099,SAMN07692765,PRJNA411997,Ghana,West Africa,Kumasi,6.6666,-1.6163,2015,2015,Urine,Human clinical,Human,UTI,MDR ESKAPE pathogens,Norwegian National Advisory Unit on Detection of Antimicrobial Resistance,Acinetobacter baumannii,NZ_QTKC01000085.1,997/1000,7.15897e-05,164,4175530,58,166608,39.0,1418,0,0,0,0,0,0,0,0,0,0,1,1,0,0,0,0,0,0,0,0,0,0,0,0,0,0,0,0,0,0,0,0,0,0,0,0,0,0,0,0,0,0,0,0,0,0,0,0,0,0,0,1,0,0,0,0,0,0,0,0,0,0,0,1,0,0,0,0,0,0,0,0,0,0,0,0,0,0,0,0,0,0,0,0,0,0,0,0,0,0,0,0,0,0,0,0,0,0,0,0,0,0,0,1,0,0,0,0,0,0,0,0,0,0,0,0,0,0,0,0,0,0,0,0,0,0,0,0,0,0,0,0,0,0,1,1,0,0,0,0
SRR9017260,SAMN11096027,PRJNA526336,Sudan,North Africa,Khartoum,15.16,31.5,2019,2019,sputum,Human clinical,Human,Pneumonia,Whole-Genome Sequencing for Detecting Antimicrobial Resistance in Acinetobacter baumannii isolated from Sudan,National University Biomedical Research Institute,Acinetobacter baumannii,NZ_SOYV01000001.1,999/1000,2.38274e-05,164,3746462,15,390837,38.9,234,0,0,0,0,0,0,0,0,0,0,0,1,0,0,0,0,0,0,0,0,0,0,0,0,0,0,0,0,0,0,0,0,0,0,0,0,0,0,0,0,0,0,0,0,0,0,0,0,0,0,0,1,0,0,0,0,0,0,0,0,0,0,0,0,0,0,0,0,0,0,0,0,0,0,0,0,0,0,0,0,0,0,0,0,0,0,0,0,0,0,0,0,0,0,0,0,0,0,0,0,0,0,0,1,0,0,0,0,0,0,0,0,0,0,0,0,0,0,0,0,0,0,0,0,0,0,0,0,0,0,0,0,0,0,0,0,0,0,0,0
